,NP_001265288.1,NP_055285.1,NP_005431.1,NP_001241667.1,NP_001287815.1,NP_001300870.1,NP_001036143.1,NP_004031.1,NP_598378.3,NP_067028.1,NP_065714.1,NP_036381.2,NP_001656.2,NP_001034891.1,NP_001303236.1,NP_008839.2,NP_002863.1,NP_775798.2,NP_054731.2,NP_005252.1,NP_001122322.1,NP_001364280.1,NP_001273130.1,NP_001177655.1,NP_853510.1,NP_001243749.1,NP_001259006.1,NP_005393.2,NP_001356329.1,NP_001356715.1,NP_001123914.1,NP_002515.1,NP_006261.1,NP_001096139.1,NP_001078518.1,NP_001010935.1,NP_001010942.1,NP_002877.2,NP_066361.1,NP_001258115.1,NP_001353654.1,NP_004666.1,NP_660156.1,NP_060064.2,NP_005605.1,NP_001290055.1,NP_001026847.1,NP_071894.1,NP_055814.1,NP_001278977.1,NP_001238965.1,NP_001238968.1,NP_065724.1,NP_006859.2,NP_001293087.1,NP_001003789.1,NP_001136096.2,NP_001336806.1,NP_060287.1,NP_001153073.1,NP_001129134.1,NP_006825.1,NP_071732.1,NP_001157994.1,NP_004628.4,NP_001182257.1,NP_057454.1,NP_001171172.1,NP_001180461.1,NP_059986.1,NP_741995.1,NP_001265595.1,NP_001027898.2,NP_001350882.1,NP_001230647.1,NP_115520.2,NP_001244286.1,NP_001166134.1,NP_543155.2,NP_006813.1,NP_004785.1,NP_112586.1,NP_004571.2,NP_001362256.1,NP_689786.2,NP_001229573.1,NP_001156852.1,NP_057406.2,NP_001258927.1,NP_057238.3,NP_001272988.1,NP_001008749.2,NP_001191812.1,NP_001243339.1,NP_065120.2,NP_004654.1,NP_004209.2,NP_001020471.3,NP_001294982.1,NP_001006639.1,NP_004274.1,NP_002858.2,NP_002857.1,NP_001304844.1,NP_001295083.1,NP_001161078.1,NP_004152.1,NP_112243.1,NP_001258967.1,NP_057215.3,NP_005361.2,NP_057614.1,NP_006561.1,NP_001340940.1,NP_001258780.1,NP_067067.1,NP_001350893.1,NP_001229288.1,NP_001153508.1,NP_001287725.1,NP_001294859.1,NP_001318055.1,NP_076429.1,NP_001167459.1,NP_001028738.1,NP_001339204.1,NP_006468.1,NP_201572.1,NP_001124292.1,NP_001001349.1,NP_001350723.1,NP_001304877.1,NP_775935.1,NP_001035114.2,NP_001155963.1,NP_001167621.1,NP_061960.1,NP_001136120.1,NP_001028675.1,NP_001243058.1,NP_060654.1,NP_001128230.1,NP_001265222.1,NP_001186674.1,NP_004302.1,NP_001652.2,NP_001032241.1,NP_001269360.1,NP_001107210.1,NP_001034172.3,NP_612459.1,NP_079323.1,NP_001137440.1,NP_001032251.1,NP_848930.1,NP_001647.1,NP_001168.1,NP_001654.1,NP_001019397.1,NP_001399843.1,NP_001651.1,NP_001653.1
NP_001265288.1,,58,62,63,69,68,69,69,64,65,69,69,71,72,60,71,71,39,39,38,37,39,42,43,46,43,47,49,49,46,45,45,46,43,45,53,53,50,50,50,41,46,47,49,47,46,46,51,49,47,47,47,48,47,39,39,41,41,36,43,46,43,43,43,44,44,45,45,44,42,41,45,47,45,19,47,46,42,42,42,44,43,40,42,48,39,42,45,30,43,46,44,45,43,44,45,46,46,50,50,46,46,46,46,44,41,44,46,37,46,47,47,29,30,21,23,42,44,44,26,32,33,36,33,34,37,39,35,22,31,39,38,40,33,30,35,35,38,38,40,39,40,37,37,44,40,38,35,32,32,38,38,37,35,38,38,38,38,40,40,38,41
NP_055285.1,58,,81,83,56,65,64,66,61,57,56,59,59,59,53,60,59,36,37,36,38,39,37,38,37,43,40,42,43,41,41,40,37,35,40,44,44,43,43,43,35,35,37,38,41,37,41,43,40,40,42,41,45,45,35,35,36,36,38,35,41,38,38,39,41,40,39,45,38,40,41,40,41,43,19,41,36,37,38,37,35,35,39,38,36,37,43,41,30,39,42,39,37,40,36,41,41,41,45,44,41,41,41,40,43,33,41,40,35,41,44,44,30,30,28,30,42,40,38,26,27,30,27,29,30,30,32,31,25,30,34,31,32,32,30,31,33,32,33,33,33,36,35,26,35,31,31,32,28,28,31,37,32,31,32,35,36,37,36,36,34,36
NP_005431.1,62,81,,89,62,69,68,69,63,65,63,62,63,62,57,64,64,40,39,39,41,43,42,42,45,43,48,48,49,44,43,43,45,39,45,46,46,48,47,47,40,40,41,41,45,42,44,49,49,43,48,47,49,47,39,39,41,41,39,42,47,44,41,41,46,49,48,43,43,44,43,43,44,44,19,44,45,43,42,42,40,39,39,38,44,40,46,46,33,42,48,48,44,44,40,44,45,47,48,50,47,47,48,47,46,37,45,44,37,45,49,49,31,31,32,32,44,42,41,30,28,32,34,35,34,34,37,34,25,35,35,33,35,36,32,34,37,38,38,36,36,40,38,29,39,40,36,36,32,32,35,39,33,30,33,41,38,37,38,38,38,39
NP_001241667.1,63,83,89,,60,69,68,68,61,61,62,65,65,63,55,62,62,41,39,39,41,41,41,41,41,44,42,48,47,44,44,44,41,39,43,46,47,45,44,45,40,38,40,40,45,42,44,48,47,42,45,44,46,45,38,38,37,38,38,41,45,42,42,43,45,45,46,43,42,43,42,43,42,45,19,41,41,43,42,41,38,40,40,39,39,37,43,44,33,42,44,45,43,43,39,43,44,42,46,47,43,43,44,42,45,37,47,47,40,44,47,48,31,31,28,29,41,44,41,28,27,33,33,32,34,35,36,33,27,34,34,34,36,33,34,33,33,36,36,37,38,39,38,30,40,39,37,38,32,32,36,38,36,32,35,40,40,39,41,41,39,40
NP_001287815.1,69,56,62,60,,75,75,74,52,56,66,72,74,74,67,75,75,32,30,30,30,39,38,39,36,42,42,47,46,46,44,45,40,41,46,48,48,50,49,50,40,40,46,46,47,44,45,47,44,42,44,43,45,45,36,36,29,28,35,41,40,37,38,40,44,42,42,42,41,37,37,39,40,40,14,35,33,42,41,41,38,38,38,38,31,35,38,42,27,40,41,42,42,39,40,40,40,30,45,43,40,41,41,39,40,35,42,41,35,42,42,41,27,27,25,28,41,42,38,32,30,29,33,25,37,38,36,34,24,31,29,26,26,32,31,31,33,39,38,37,42,39,36,29,37,36,40,38,31,31,33,31,37,34,36,29,39,38,39,39,38,38
NP_001300870.1,68,65,69,69,75,,98,94,66,67,72,76,77,78,66,76,76,38,35,36,35,40,37,39,41,42,50,48,48,47,47,47,46,39,43,50,51,50,49,49,42,42,45,45,47,39,41,43,46,41,43,43,44,44,36,36,37,38,36,41,40,38,37,38,41,43,43,44,40,40,40,39,43,40,15,39,40,39,40,40,40,42,38,40,40,36,39,41,25,37,46,43,44,40,38,41,40,43,46,47,42,43,44,44,42,34,45,45,35,45,45,45,32,31,23,25,40,45,45,31,32,32,35,32,34,34,37,34,22,30,36,34,35,32,32,32,36,38,39,34,37,39,38,30,40,35,37,34,32,32,34,38,38,35,37,42,38,38,41,41,39,40
NP_001036143.1,69,64,68,68,75,98,,94,68,69,72,76,74,77,65,76,77,38,36,37,36,41,37,39,42,43,50,48,48,48,48,47,46,41,43,52,52,49,49,49,43,42,46,47,46,40,41,44,46,42,43,43,44,44,37,37,37,37,37,40,41,38,37,38,42,43,44,44,41,41,40,40,43,40,14,38,40,40,40,40,40,42,39,40,41,37,40,41,26,38,46,44,45,40,38,41,41,43,47,48,43,43,44,44,43,33,44,45,36,46,45,45,32,31,24,25,40,45,45,31,33,31,36,32,35,35,37,36,22,30,36,34,36,31,30,32,35,39,39,34,36,37,38,29,39,34,36,34,32,32,33,37,37,35,36,41,38,37,41,40,38,40
NP_004031.1,69,66,69,68,74,94,94,,68,68,72,77,75,76,65,74,74,37,37,37,37,39,38,38,42,41,49,48,48,45,45,44,47,37,42,49,50,49,48,49,41,40,44,45,46,40,41,43,45,41,43,43,43,42,35,35,37,39,36,38,40,37,35,36,41,41,44,44,40,40,40,41,43,41,16,40,40,41,40,41,39,42,38,37,40,37,40,41,26,38,43,42,44,40,37,41,42,43,45,47,43,43,43,43,41,33,43,44,35,44,44,44,30,29,23,25,39,44,44,30,32,30,34,32,34,34,35,33,22,31,37,32,35,32,30,31,36,37,37,36,37,38,36,29,39,35,37,34,32,32,34,37,37,34,36,40,38,36,40,40,39,39
NP_598378.3,64,61,63,61,52,66,68,68,,75,63,70,71,71,65,73,75,32,34,33,33,41,41,39,37,46,43,47,48,47,45,45,43,39,45,49,50,49,48,48,36,36,41,42,44,38,42,44,40,38,42,38,46,45,39,39,31,33,35,38,43,39,40,46,44,44,44,46,41,39,40,44,39,45,18,42,31,41,42,41,38,38,41,41,32,36,41,40,26,40,43,41,41,38,40,42,43,33,44,43,42,42,43,42,43,33,42,42,35,44,45,45,31,30,23,24,42,41,36,30,31,35,33,29,37,37,37,32,22,35,30,27,29,34,31,31,30,38,37,32,34,39,34,31,40,35,37,34,33,33,36,37,39,41,40,30,37,38,38,38,36,37
NP_067028.1,65,57,65,61,56,67,69,68,75,,70,72,69,76,62,71,72,35,35,35,36,45,42,40,39,47,43,50,52,45,45,42,43,41,48,50,50,49,49,49,40,41,43,43,48,41,44,49,47,42,44,43,48,47,39,39,34,34,36,39,46,41,39,47,48,47,47,45,43,42,40,42,42,46,18,40,34,45,43,44,42,41,42,41,37,38,43,41,28,42,43,39,40,38,41,43,44,35,47,45,43,43,43,43,42,39,46,48,36,45,47,48,30,30,21,21,42,43,39,30,29,33,35,28,36,35,35,30,25,37,31,28,29,35,33,33,33,36,35,36,39,41,34,31,40,38,40,37,34,34,36,36,42,42,42,28,39,40,40,40,37,37
NP_065714.1,69,56,63,62,66,72,72,72,63,70,,85,74,81,69,79,78,36,35,36,38,36,35,37,40,42,46,46,46,45,45,44,41,37,43,48,49,48,47,47,39,38,42,44,48,43,41,46,46,41,40,42,44,47,37,37,33,33,35,41,44,40,39,39,42,42,42,44,41,39,39,40,38,40,15,36,39,41,40,40,43,40,38,39,40,35,37,43,26,40,43,42,41,41,40,42,40,37,43,43,40,41,41,41,41,35,42,42,34,43,44,44,28,28,24,24,39,42,42,32,30,33,34,29,36,37,36,33,21,32,38,32,34,34,31,30,32,36,36,36,38,34,34,30,38,34,33,30,30,30,33,31,36,33,34,35,32,34,35,35,33,34
NP_036381.2,69,59,62,65,72,76,76,77,70,72,85,,78,85,71,82,81,36,37,37,37,39,37,38,44,41,49,47,47,46,46,46,43,40,46,51,51,49,49,50,39,39,41,42,48,45,41,44,46,40,42,42,46,46,40,40,39,40,35,39,42,39,35,39,43,41,42,43,41,40,40,42,39,40,15,36,43,42,41,42,41,42,40,40,41,37,39,43,29,40,42,42,43,39,41,43,42,44,45,46,44,44,43,43,41,35,44,44,37,46,46,46,28,28,25,25,38,43,42,33,32,31,34,29,36,37,34,33,20,33,37,33,35,34,31,32,37,38,38,35,37,37,35,33,39,34,36,35,33,33,33,34,36,35,34,39,35,38,38,38,36,38
NP_001656.2,71,59,63,65,74,77,74,75,71,69,74,78,,85,73,86,85,37,36,37,38,37,42,39,42,44,50,47,46,45,46,44,46,36,45,49,50,50,50,49,40,43,46,46,48,42,41,45,44,42,43,44,45,43,42,42,39,40,33,41,41,38,37,42,45,46,45,43,39,40,42,41,41,41,15,40,37,41,41,41,42,41,41,41,40,36,38,41,28,39,44,42,45,37,41,44,45,43,45,46,42,42,43,43,39,35,44,45,37,43,45,45,29,29,24,25,41,44,44,33,31,31,36,32,35,36,36,33,19,31,36,34,35,34,30,33,37,41,41,39,41,39,39,30,43,40,40,36,30,30,34,36,39,34,37,40,39,39,41,41,38,40
NP_001034891.1,72,59,62,63,74,78,77,76,71,76,81,85,85,,74,89,88,35,36,36,37,39,40,37,42,43,51,48,47,44,45,44,43,39,45,49,50,51,50,50,41,43,44,45,46,41,41,46,45,41,42,42,45,45,38,38,39,39,33,39,41,38,35,42,44,42,41,43,40,40,39,41,41,40,15,39,41,39,38,38,39,39,38,40,41,33,35,41,27,39,44,39,41,37,39,40,41,41,44,44,41,41,42,43,39,34,42,42,35,42,43,43,29,30,22,22,41,44,45,33,30,31,36,30,35,36,37,33,20,32,36,32,35,31,30,31,33,40,40,36,39,38,36,32,42,37,37,35,31,31,34,34,38,36,38,37,37,36,39,38,36,37
NP_001303236.1,60,53,57,55,67,66,65,65,65,62,69,71,73,74,,84,84,32,32,31,32,36,37,33,39,41,51,42,42,40,39,39,42,30,42,45,46,48,48,47,36,38,40,40,44,38,36,40,40,36,38,38,41,40,38,38,35,35,31,38,36,32,32,37,43,40,39,39,38,37,35,37,38,36,15,35,35,38,38,38,39,38,37,36,36,30,31,37,17,34,39,39,40,35,34,37,37,37,43,43,38,39,39,39,38,38,40,39,29,39,40,40,28,28,20,22,36,40,41,30,28,29,32,31,34,36,35,33,20,31,29,30,33,31,26,27,34,37,37,36,37,35,34,29,36,34,36,33,27,27,31,31,34,31,32,34,34,38,37,37,34,36
NP_008839.2,71,60,64,62,75,76,76,74,73,71,79,82,86,89,84,,98,36,36,37,38,37,41,38,42,45,51,46,46,44,45,43,44,36,44,49,49,51,51,50,38,42,44,44,46,40,38,44,44,40,42,42,43,41,39,39,39,40,33,39,41,36,35,41,44,43,43,43,39,39,38,41,40,38,15,38,39,41,41,41,42,41,40,40,40,34,36,41,26,38,43,41,43,38,38,42,42,40,46,48,41,41,41,42,39,35,43,43,33,44,45,44,29,29,23,24,38,45,46,35,33,31,35,31,35,37,36,34,18,33,33,32,34,33,29,31,36,39,39,36,39,38,36,29,40,37,38,35,31,31,34,33,37,34,36,36,37,37,38,38,35,37
NP_002863.1,71,59,64,62,75,76,77,74,75,72,78,81,85,88,84,98,,36,36,37,38,38,40,37,42,45,51,46,45,44,44,43,44,34,44,49,49,51,51,50,38,42,43,44,46,39,39,44,44,41,43,43,43,41,39,39,38,39,33,39,41,35,36,42,45,43,43,43,39,38,37,41,41,39,16,38,37,41,40,40,42,41,40,39,39,34,36,41,26,38,43,42,43,39,38,41,41,40,46,47,41,40,41,41,39,34,44,44,34,43,44,43,29,30,23,25,39,45,46,34,32,32,34,31,35,36,36,34,19,33,34,33,34,33,30,31,37,40,40,36,39,38,36,30,40,37,38,35,31,31,34,33,38,35,37,36,37,38,39,39,36,38
NP_775798.2,39,36,40,41,32,38,38,37,32,35,36,36,37,35,32,36,36,,58,58,58,48,50,47,43,55,52,55,56,52,51,50,43,53,53,49,49,49,48,47,44,40,47,49,43,43,41,47,51,43,44,41,45,45,41,41,33,30,37,43,45,42,38,40,49,49,46,52,44,48,50,47,44,48,20,45,34,42,41,42,44,43,45,47,36,41,48,46,41,45,46,47,45,40,48,46,47,37,43,44,46,47,46,46,47,36,48,47,48,44,49,47,30,30,24,25,32,29,27,25,30,29,34,26,31,29,31,33,20,33,25,25,28,31,29,26,27,40,39,33,36,31,34,29,36,31,32,32,28,28,31,32,32,31,33,23,33,33,35,36,35,36
NP_054731.2,39,37,39,39,30,35,36,37,34,35,35,37,36,36,32,36,36,58,,73,69,47,51,52,41,59,50,58,58,54,53,53,45,56,54,56,56,57,55,53,45,39,48,49,48,48,49,50,48,46,49,44,46,45,43,43,33,32,37,40,45,43,42,44,52,51,50,54,45,45,46,49,45,49,22,48,39,41,44,43,39,43,44,45,33,44,49,48,36,45,46,46,46,40,45,49,48,34,45,45,45,45,45,44,44,38,47,47,47,44,48,48,29,29,23,25,33,29,26,26,30,34,36,26,34,32,36,37,24,32,23,23,24,30,27,27,31,37,35,33,35,30,31,29,34,31,31,31,25,25,29,30,29,33,33,20,31,31,32,32,31,31
NP_005252.1,38,36,39,39,30,36,37,37,33,35,36,37,37,36,31,37,37,58,73,,75,51,52,52,43,58,50,59,61,58,56,57,45,59,59,55,55,53,52,52,46,43,47,48,48,45,46,48,48,44,46,42,46,44,44,44,34,35,37,42,44,43,41,45,52,50,50,54,47,47,47,48,46,51,24,51,35,41,43,41,43,44,43,44,34,41,48,46,40,46,48,46,46,43,48,51,51,31,45,43,43,44,44,44,47,40,45,46,49,46,49,49,28,29,25,26,35,29,26,26,31,32,36,25,32,30,33,37,24,34,24,23,24,28,30,30,29,39,38,33,36,31,32,28,34,33,34,34,26,26,29,31,32,33,33,19,33,33,34,35,33,34
NP_001122322.1,37,38,41,41,30,35,36,37,33,36,38,37,38,37,32,38,38,58,69,75,,52,48,49,43,55,47,59,60,53,51,52,45,56,55,52,51,50,49,47,43,41,46,48,47,45,43,50,49,45,47,41,44,42,43,43,35,33,38,42,45,44,41,43,50,52,50,54,49,47,47,47,48,50,21,48,38,41,43,41,43,46,44,45,36,44,51,48,41,48,47,46,48,42,46,48,48,34,47,46,46,47,48,46,45,40,47,48,47,45,50,50,26,27,23,24,33,28,25,25,28,32,34,24,32,28,34,38,24,35,25,24,26,31,30,31,29,38,37,34,36,33,31,29,36,34,34,34,26,26,31,33,33,34,34,21,34,36,35,36,35,35
NP_001364280.1,39,39,43,41,39,40,41,39,41,45,36,39,37,39,36,37,38,48,47,51,52,,54,55,51,57,57,59,59,55,55,55,57,61,56,59,58,59,60,59,50,52,55,56,56,54,51,58,58,54,56,56,53,52,53,53,49,47,43,50,53,53,50,55,52,57,53,53,53,54,53,52,55,53,18,54,55,54,50,50,55,53,47,47,53,47,57,55,51,52,58,55,54,50,51,53,53,54,54,53,54,53,55,56,55,40,59,58,56,54,56,54,33,31,28,29,33,30,29,30,32,37,40,33,32,30,40,40,24,48,36,28,33,33,34,32,34,41,40,36,37,38,39,34,41,36,37,35,32,32,32,38,41,37,42,37,44,44,43,44,43,43
NP_001273130.1,42,37,42,41,38,37,37,38,41,42,35,37,42,40,37,41,40,50,51,52,48,54,,55,49,59,59,58,60,55,54,53,53,50,61,58,56,56,55,56,54,48,48,48,53,49,47,55,53,49,53,52,51,50,47,47,48,46,41,51,46,48,44,50,53,50,50,45,44,48,46,48,51,52,23,49,48,44,43,43,47,47,46,47,49,37,44,46,40,48,52,48,48,44,49,47,49,52,51,51,53,52,52,52,47,40,50,50,46,49,53,53,28,28,24,26,36,31,31,25,34,36,42,34,32,31,37,38,23,35,30,31,35,29,32,29,30,34,35,34,35,33,33,33,37,36,35,33,26,26,30,32,35,34,36,35,35,34,37,37,36,36
NP_001177655.1,43,38,42,41,39,39,39,38,39,40,37,38,39,37,33,38,37,47,52,52,49,55,55,,45,61,60,61,62,56,55,55,53,62,57,59,60,57,57,58,48,46,53,53,50,45,47,52,53,49,53,51,46,46,49,49,43,44,39,50,46,47,45,45,49,45,45,44,47,43,46,48,51,48,19,50,50,47,47,48,47,48,43,41,48,52,56,49,43,47,48,49,46,44,46,47,48,50,49,50,48,49,49,49,46,33,50,49,57,49,52,52,30,29,25,25,32,28,29,28,39,32,35,30,29,30,34,31,19,33,31,27,33,26,26,28,28,35,35,29,31,31,31,30,33,31,32,28,25,25,28,29,30,30,31,30,32,31,34,34,32,32
NP_853510.1,46,37,45,41,36,41,42,42,37,39,40,44,42,42,39,42,42,43,41,43,43,51,49,45,,57,52,61,61,63,65,63,54,52,60,60,60,60,60,58,43,44,51,53,55,52,44,49,47,47,49,45,49,46,38,38,37,40,40,48,50,41,43,48,48,47,46,49,49,48,49,44,43,48,23,46,41,41,42,42,45,43,44,44,44,40,45,47,40,48,47,47,44,44,45,44,44,38,49,47,43,42,44,43,48,38,50,50,48,48,49,48,28,28,22,24,33,32,30,22,26,32,32,27,27,27,35,33,23,28,29,30,34,32,28,32,29,31,31,27,32,33,32,30,33,30,30,30,25,25,31,30,27,28,30,31,29,29,33,34,32,32
NP_001243749.1,43,43,43,44,42,42,43,41,46,47,42,41,44,43,41,45,45,55,59,58,55,57,59,61,57,,84,66,66,71,70,69,66,67,69,66,66,66,67,68,54,49,57,59,57,57,48,59,56,53,55,55,52,54,51,51,47,51,44,51,55,52,48,52,57,57,56,54,54,55,55,53,54,56,17,52,50,48,50,48,53,53,52,50,53,50,59,53,44,51,56,55,53,44,51,53,53,54,53,57,52,53,53,54,53,42,55,56,53,51,56,55,30,29,22,26,34,32,32,27,33,39,41,31,30,29,37,37,22,32,34,28,33,29,30,31,33,38,39,36,38,34,35,32,36,34,37,34,25,25,31,32,36,36,35,31,34,35,38,38,35,36
NP_001259006.1,47,40,48,42,42,50,50,49,43,43,46,49,50,51,51,51,51,52,50,50,47,57,59,60,52,84,,74,75,73,73,72,66,68,73,73,73,77,78,76,58,49,65,64,62,57,54,60,64,56,57,49,55,56,50,50,40,40,45,58,57,49,52,53,58,63,62,50,59,60,60,58,52,58,21,53,42,54,52,53,46,52,51,52,46,48,62,55,43,59,60,60,56,44,54,55,55,45,56,51,49,51,52,51,59,51,55,55,56,58,59,59,37,36,25,26,37,31,28,37,40,43,44,33,45,42,46,45,26,40,35,34,35,33,35,35,31,40,40,35,37,35,38,35,39,36,38,37,32,32,38,38,38,36,39,32,36,38,39,39,38,38
NP_005393.2,49,42,48,48,47,48,48,48,47,50,46,47,47,48,42,46,46,55,58,59,59,59,58,61,61,66,74,,95,80,77,79,69,69,72,76,76,73,72,73,54,53,57,57,64,61,57,65,60,61,61,63,61,61,51,51,50,51,43,53,55,55,54,58,58,60,60,53,58,53,54,55,59,59,23,56,57,55,52,53,55,57,52,52,60,52,61,54,46,54,61,56,55,52,55,53,54,56,61,62,57,56,57,58,56,47,60,63,55,61,63,63,31,31,26,29,34,31,30,30,31,36,41,36,34,33,43,43,26,34,40,33,39,35,32,34,36,38,37,34,37,38,40,34,37,35,37,35,30,30,36,34,37,37,37,36,38,37,38,39,35,36
NP_001356329.1,49,43,49,47,46,48,48,48,48,52,46,47,46,47,42,46,45,56,58,61,60,59,60,62,61,66,75,95,,77,74,77,71,73,74,74,75,73,73,74,56,54,58,58,66,61,54,65,62,59,62,62,62,62,52,52,50,51,46,53,56,55,54,58,60,60,60,56,58,53,54,56,60,59,23,55,57,57,54,55,57,57,53,52,61,54,64,55,45,55,61,59,56,54,58,57,57,55,59,60,58,58,59,58,57,48,60,62,58,62,64,64,30,30,26,29,35,31,31,30,32,38,43,36,34,32,42,43,26,35,41,33,39,35,32,35,35,39,38,33,37,38,40,35,38,36,36,33,29,29,36,35,37,37,38,35,37,36,38,38,35,36
NP_001356715.1,46,41,44,44,46,47,48,45,47,45,45,46,45,44,40,44,44,52,54,58,53,55,55,56,63,71,73,80,77,,95,95,76,73,75,78,77,73,72,74,59,55,62,63,64,60,52,60,54,58,62,62,57,55,52,52,50,49,44,56,54,52,50,56,57,58,55,57,55,54,56,52,53,54,20,54,58,49,47,47,53,60,52,55,58,47,53,52,43,52,58,58,57,48,53,53,54,54,59,62,56,56,56,57,57,47,61,62,57,59,62,60,33,32,26,29,37,31,31,27,34,35,41,34,33,32,39,40,26,34,36,29,35,31,30,32,35,40,40,38,40,39,37,34,39,35,37,35,30,30,33,37,36,34,38,38,36,37,40,41,39,40
NP_001123914.1,45,41,43,44,44,47,48,45,45,45,45,46,46,45,39,45,44,51,53,56,51,55,54,55,65,70,73,77,74,95,,95,75,73,74,77,76,72,72,73,59,55,62,63,63,60,53,60,55,59,62,63,56,56,51,51,50,49,43,56,55,50,52,55,56,59,55,58,55,53,56,51,52,54,20,54,56,50,48,48,53,59,53,54,58,49,55,54,44,52,59,58,56,47,53,53,55,54,61,63,56,56,57,58,57,48,63,62,60,58,62,59,32,32,25,27,37,32,32,27,35,34,42,34,34,32,39,40,26,34,37,30,35,32,29,33,34,40,39,38,39,39,36,35,38,35,37,35,31,31,33,36,35,32,37,37,35,36,39,39,38,39
NP_002515.1,45,40,43,44,45,47,47,44,45,42,44,46,44,44,39,43,43,50,53,57,52,55,53,55,63,69,72,79,77,95,95,,74,72,74,77,76,74,74,75,58,55,63,64,65,60,53,58,54,59,62,61,56,55,52,52,48,47,43,56,53,50,48,54,55,56,53,57,54,53,55,51,52,53,21,54,57,48,47,46,55,59,52,54,56,49,54,53,44,52,56,57,55,49,53,52,53,55,59,61,56,56,57,58,57,47,63,62,57,59,62,60,32,32,27,30,37,32,32,26,33,35,42,34,34,32,39,40,26,34,36,30,35,32,28,33,35,39,38,38,39,38,36,33,38,34,36,33,31,31,33,36,34,32,36,36,35,36,39,39,38,38
NP_006261.1,46,37,45,41,40,46,46,47,43,43,41,43,46,43,42,44,44,43,45,45,45,57,53,53,54,66,66,69,71,76,75,74,,85,73,72,71,71,69,69,59,48,62,64,68,60,51,61,56,53,57,49,57,57,47,47,38,39,42,52,53,50,49,58,56,57,57,56,54,53,56,55,47,56,19,49,41,51,52,50,48,51,53,52,46,49,55,55,45,56,58,56,52,50,50,51,52,47,62,58,53,54,53,51,58,44,57,59,55,59,60,58,29,28,22,25,37,29,26,28,32,35,37,29,35,32,37,38,25,33,30,26,31,34,29,32,30,36,36,33,36,34,32,30,34,33,35,34,28,28,31,31,32,31,33,31,34,33,34,35,33,33
NP_001096139.1,43,35,39,39,41,39,41,37,39,41,37,40,36,39,30,36,34,53,56,59,56,61,50,62,52,67,68,69,73,73,73,72,85,,77,70,69,68,65,66,53,51,56,58,61,61,50,61,55,54,56,55,55,56,49,49,43,47,38,53,53,52,49,53,55,56,55,56,57,55,57,51,60,57,13,55,53,52,53,52,49,53,53,56,52,53,54,54,47,51,58,56,52,54,51,52,54,60,59,60,56,54,58,55,56,32,55,56,58,57,61,59,29,29,27,26,30,29,28,28,33,36,37,29,31,28,38,38,23,34,34,27,37,35,28,30,36,40,42,34,40,39,35,30,38,35,37,32,26,26,30,34,33,33,31,31,38,36,39,40,35,36
NP_001078518.1,45,40,45,43,46,43,43,42,45,48,43,46,45,45,42,44,44,53,54,59,55,56,61,57,60,69,73,72,74,75,74,74,73,77,,74,73,69,67,69,54,53,57,57,59,54,52,61,55,56,57,58,57,54,52,52,50,51,44,54,55,55,49,55,61,58,58,54,56,55,59,57,55,55,22,50,56,52,50,49,51,55,51,52,58,44,53,54,44,54,61,55,53,51,53,54,53,56,61,58,56,56,56,57,58,47,59,59,54,59,59,59,34,33,26,31,39,31,30,27,33,36,43,35,33,31,37,40,26,32,36,32,38,32,31,33,35,37,38,34,36,33,33,33,36,38,38,34,27,27,32,35,31,32,34,34,36,37,38,39,37,37
NP_001010935.1,53,44,46,46,48,50,52,49,49,50,48,51,49,49,45,49,49,49,56,55,52,59,58,59,60,66,73,76,74,78,77,77,72,70,74,,97,83,84,83,61,62,69,71,72,65,53,63,60,59,60,60,60,59,48,48,50,50,43,54,58,54,52,52,57,57,55,53,55,54,57,55,53,54,21,53,55,51,51,52,57,60,52,54,59,46,53,54,44,52,60,59,57,50,53,55,54,57,62,63,58,57,59,59,55,48,59,59,63,63,62,60,33,32,24,27,39,33,33,31,35,35,42,34,35,34,43,42,26,38,41,32,40,32,31,33,36,39,39,39,39,37,37,36,38,36,39,33,31,31,33,36,37,34,39,37,38,38,41,41,40,40
NP_001010942.1,53,44,46,47,48,51,52,50,50,50,49,51,50,50,46,49,49,49,56,55,51,58,56,60,60,66,73,76,75,77,76,76,71,69,73,97,,83,83,83,62,62,69,71,74,65,52,64,61,59,60,60,60,58,47,47,50,50,42,54,58,54,52,53,57,57,56,54,55,54,58,54,53,53,21,53,54,52,52,52,58,60,52,53,59,48,54,55,43,52,62,60,58,51,52,55,55,58,62,63,57,57,59,59,56,48,61,61,64,62,63,61,33,32,24,27,39,33,33,30,35,35,42,34,35,34,43,42,25,38,41,33,40,32,31,33,37,39,39,39,39,38,37,37,38,36,39,33,31,31,33,35,37,34,39,36,37,37,40,41,39,39
NP_002877.2,50,43,48,45,50,50,49,49,49,49,48,49,50,51,48,51,51,49,57,53,50,59,56,57,60,66,77,73,73,73,72,74,71,68,69,83,83,,97,96,61,62,69,71,72,68,55,64,60,56,60,59,58,56,50,50,46,49,43,56,54,53,52,55,56,60,58,55,56,55,56,52,54,53,22,53,55,51,52,51,56,57,53,53,59,49,54,56,45,53,58,57,59,51,54,54,54,55,62,63,55,55,56,56,55,46,62,62,58,58,58,58,31,30,24,26,39,34,34,30,34,38,44,34,34,33,43,43,24,36,38,33,38,33,30,31,40,39,39,41,41,40,40,37,41,38,40,34,31,31,31,37,38,36,42,38,39,39,40,41,39,39
NP_066361.1,50,43,47,44,49,49,49,48,48,49,47,49,50,50,48,51,51,48,55,52,49,60,55,57,60,67,78,72,73,72,72,74,69,65,67,84,83,97,,97,62,62,68,71,72,68,55,64,61,56,60,58,58,56,51,50,48,50,43,55,54,53,53,56,55,61,58,54,55,54,55,53,55,54,22,54,56,52,52,52,56,59,53,52,58,49,53,55,42,51,59,57,59,50,55,54,54,55,62,63,56,56,57,57,55,46,60,61,59,58,57,58,31,30,23,25,39,33,34,32,36,38,44,35,35,33,42,41,24,36,38,32,39,33,30,30,39,40,40,41,40,41,40,36,41,37,39,34,31,31,31,37,38,36,42,38,39,39,40,40,39,39
NP_001258115.1,50,43,47,45,50,49,49,49,48,49,47,50,49,50,47,50,50,47,53,52,47,59,56,58,58,68,76,73,74,74,73,75,69,66,69,83,83,96,97,,62,62,68,72,72,68,54,63,60,56,59,58,59,56,52,51,50,50,44,57,55,52,53,55,56,61,59,54,54,53,54,52,54,54,23,54,55,52,51,52,57,59,51,51,58,47,51,54,40,50,58,59,57,49,55,55,54,55,61,62,56,55,56,56,53,46,58,59,60,59,58,58,31,30,23,26,39,33,33,31,36,38,44,35,34,32,43,41,24,36,38,31,38,33,30,30,39,39,39,41,39,40,40,36,41,36,38,33,32,32,31,36,38,36,41,38,39,38,40,41,38,38
NP_001353654.1,41,35,40,40,40,42,43,41,36,40,39,39,40,41,36,38,38,44,45,46,43,50,54,48,43,54,58,54,56,59,59,58,59,53,54,61,62,61,62,62,,52,54,56,57,53,48,52,51,48,49,49,52,52,41,41,43,47,43,43,48,48,46,48,47,53,52,52,54,50,50,48,45,48,18,42,45,41,41,41,46,47,48,50,47,42,46,46,38,49,49,48,51,40,49,50,50,45,51,49,43,44,43,44,51,38,47,48,44,47,48,48,25,25,24,26,37,23,23,22,27,32,36,26,27,27,38,37,20,29,32,28,33,33,27,24,28,37,37,39,39,37,37,31,36,31,32,30,30,30,31,31,36,32,36,33,36,35,37,37,35,35
NP_004666.1,46,35,40,38,40,42,42,40,36,41,38,39,43,43,38,42,42,40,39,43,41,52,48,46,44,49,49,53,54,55,55,55,48,51,53,62,62,62,62,62,52,,77,80,58,54,47,50,49,48,48,45,51,50,40,40,36,38,39,48,48,45,45,50,50,50,50,46,50,48,49,42,42,47,16,36,43,32,31,32,44,45,47,47,43,41,45,48,39,50,47,47,49,40,46,49,48,41,49,44,46,45,45,45,48,39,47,47,44,48,47,47,23,23,15,18,37,26,26,22,26,29,32,22,26,24,39,38,23,31,33,29,34,31,24,22,31,35,34,38,38,34,34,31,33,34,34,31,31,31,28,33,35,33,36,32,35,36,37,37,34,34
NP_660156.1,47,37,41,40,46,45,46,44,41,43,42,41,46,44,40,44,43,47,48,47,46,55,48,53,51,57,65,57,58,62,62,63,62,56,57,69,69,69,68,68,54,77,,95,63,58,47,56,51,50,51,52,51,49,48,47,44,46,42,47,51,52,49,50,51,52,52,47,50,49,49,48,50,50,20,42,51,37,35,36,49,49,47,49,50,42,47,50,39,49,52,50,54,43,47,49,49,49,52,52,51,49,51,51,51,43,52,52,47,52,50,50,26,26,18,19,39,27,27,22,27,30,34,25,25,23,42,39,22,34,33,33,37,33,26,22,34,37,36,39,37,39,37,35,38,36,38,34,31,31,31,36,37,33,38,37,38,37,40,40,39,38
NP_060064.2,49,38,41,40,46,45,47,45,42,43,44,42,46,45,40,44,44,49,49,48,48,56,48,53,53,59,64,57,58,63,63,64,64,58,57,71,71,71,71,72,56,80,95,,64,60,47,57,53,50,51,51,53,51,47,47,44,48,43,48,53,51,50,49,53,52,51,49,53,49,51,48,50,49,18,41,53,37,35,37,51,50,49,50,53,44,49,51,42,50,54,51,54,44,50,52,52,49,53,54,51,50,52,52,52,42,53,53,51,54,52,52,25,25,18,20,38,27,27,23,27,32,35,26,25,23,43,40,22,34,35,33,38,31,26,22,35,39,38,40,39,38,38,35,39,37,39,35,30,30,32,37,36,34,38,37,38,38,39,39,40,40
NP_005605.1,47,41,45,45,47,47,46,46,44,48,48,48,48,46,44,46,46,43,48,48,47,56,53,50,55,57,62,64,66,64,63,65,68,61,59,72,74,72,72,72,57,58,63,64,,77,55,58,58,52,55,55,55,54,47,47,44,44,43,54,50,50,50,56,56,54,54,53,51,50,51,53,52,55,24,52,53,51,52,50,51,51,51,49,56,44,49,51,44,51,54,53,53,46,52,54,54,53,57,60,55,54,55,55,49,43,55,55,56,53,52,53,30,29,25,27,37,30,30,25,33,36,39,33,31,31,40,42,25,33,33,33,37,34,31,28,34,37,37,40,41,37,36,35,36,33,35,32,27,27,30,33,36,34,36,35,39,36,38,37,37,37
NP_001290055.1,46,37,42,42,44,39,40,40,38,41,43,45,42,41,38,40,39,43,48,45,45,54,49,45,52,57,57,61,61,60,60,60,60,61,54,65,65,68,68,68,53,54,58,60,77,,52,59,53,52,53,54,55,55,45,45,43,44,42,54,49,49,47,48,49,48,49,54,50,50,51,51,55,54,17,51,52,47,48,47,49,52,49,51,50,43,51,51,43,50,54,50,50,45,51,51,49,51,54,55,53,52,54,54,48,42,51,52,58,50,50,51,28,28,22,25,34,28,27,27,34,38,39,31,33,31,37,40,23,35,35,29,36,34,29,29,35,38,37,36,37,36,35,33,37,36,37,35,24,24,28,34,37,36,38,37,35,36,37,37,38,38
NP_001026847.1,46,41,44,44,45,41,41,41,42,44,41,41,41,41,36,38,39,41,49,46,43,51,47,47,44,48,54,57,54,52,53,53,51,50,52,53,52,55,55,54,48,47,47,47,55,52,,66,67,65,70,70,65,63,48,48,51,56,45,50,54,50,51,56,56,56,56,55,52,52,52,56,56,60,25,56,55,48,50,48,50,52,50,51,52,49,55,57,41,57,58,55,54,50,58,58,59,58,56,57,57,59,59,61,55,47,58,57,55,55,59,58,31,31,29,30,38,30,31,27,31,34,39,33,30,31,36,34,25,30,34,29,33,31,30,29,33,36,36,39,38,36,36,36,37,33,36,34,30,30,33,34,38,35,38,39,36,39,40,40,39,39
NP_071894.1,51,43,49,48,47,43,44,43,44,49,46,44,45,46,40,44,44,47,50,48,50,58,55,52,49,59,60,65,65,60,60,58,61,61,61,63,64,64,64,63,52,50,56,57,58,59,66,,68,70,75,76,70,69,54,54,47,49,49,52,62,61,58,63,63,64,63,60,60,63,65,57,59,66,22,57,57,54,53,54,59,59,58,59,59,55,64,62,50,63,70,62,59,57,62,62,63,56,67,65,63,61,62,63,59,53,62,65,56,64,67,67,30,29,24,25,39,34,34,30,35,35,39,33,33,33,39,43,28,36,33,33,36,32,30,32,34,37,37,40,41,39,38,38,38,36,36,34,30,30,34,34,34,36,36,40,40,41,42,42,39,41
NP_055814.1,49,40,49,47,44,46,46,45,40,47,46,46,44,45,40,44,44,51,48,48,49,58,53,53,47,56,64,60,62,54,55,54,56,55,55,60,61,60,61,60,51,49,51,53,58,53,67,68,,67,71,73,65,65,53,53,52,53,52,54,60,56,55,57,65,63,62,61,57,60,62,62,60,66,26,59,55,53,55,55,57,58,57,55,58,59,65,64,49,60,67,63,56,58,58,61,63,60,62,61,63,63,63,63,62,52,65,64,63,62,66,67,30,31,28,29,34,31,32,31,30,31,34,34,27,30,34,36,26,33,31,28,33,31,30,32,32,38,39,37,36,40,36,31,35,34,35,33,31,31,33,34,33,34,34,39,37,37,40,40,40,40
NP_001278977.1,47,40,43,42,42,41,42,41,38,42,41,40,42,41,36,40,41,43,46,44,45,54,49,49,47,53,56,61,59,58,59,59,53,54,56,59,59,56,56,56,48,48,50,50,52,52,65,70,67,,89,87,73,73,45,45,47,46,50,49,56,53,55,55,58,56,55,55,56,56,59,56,56,59,21,54,52,50,50,51,55,53,54,55,56,53,63,58,45,57,60,55,53,51,58,60,58,55,62,60,59,58,59,60,59,48,62,63,62,61,63,61,30,28,28,29,35,30,31,28,29,32,34,32,29,30,34,35,26,34,32,30,35,29,27,29,33,32,32,39,37,37,33,33,37,31,34,33,30,30,34,35,32,33,34,37,37,37,40,40,37,38
NP_001238965.1,47,42,48,45,44,43,43,43,42,44,40,42,43,42,38,42,43,44,49,46,47,56,53,53,49,55,57,61,62,62,62,62,57,56,57,60,60,60,60,59,49,48,51,51,55,53,70,75,71,89,,93,78,76,50,50,50,48,52,52,59,56,58,60,64,62,60,60,58,62,64,61,60,64,24,59,58,53,54,54,60,57,57,57,57,59,66,62,48,61,65,59,57,56,63,64,64,57,67,65,63,61,64,64,62,50,66,67,62,62,66,66,30,30,28,29,38,31,32,28,32,32,35,32,30,30,36,37,25,35,32,30,35,31,26,29,34,32,31,41,36,39,35,34,39,32,35,33,32,32,33,36,32,35,35,37,37,38,41,41,37,38
NP_001238968.1,47,41,47,44,43,43,43,43,38,43,42,42,44,42,38,42,43,41,44,42,41,56,52,51,45,55,49,63,62,62,63,61,49,55,58,60,60,59,58,58,49,45,52,51,55,54,70,76,73,87,93,,77,76,47,47,43,43,51,53,59,55,59,59,63,61,58,60,58,60,62,60,57,63,24,59,51,53,53,53,56,55,57,56,53,58,65,63,49,61,65,58,57,56,63,63,64,52,66,64,63,60,61,59,60,52,66,68,60,63,65,64,29,29,27,26,37,31,29,27,32,33,34,29,29,30,36,37,25,34,29,28,31,31,27,29,33,32,32,39,36,38,33,33,37,34,37,34,32,32,34,35,33,35,36,34,37,38,41,41,38,39
NP_065724.1,48,45,49,46,45,44,44,43,46,48,44,46,45,45,41,43,43,45,46,46,44,53,51,46,49,52,55,61,62,57,56,56,57,55,57,60,60,58,58,59,52,51,51,53,55,55,65,70,65,73,78,77,,86,54,54,58,55,49,51,57,60,55,56,63,61,60,60,57,61,62,56,63,64,29,64,62,52,53,53,62,58,55,56,62,54,62,61,47,61,66,62,60,57,65,62,63,59,64,64,62,62,62,62,61,53,64,63,59,59,64,64,28,29,27,29,39,33,32,29,31,31,36,37,30,31,34,36,25,34,36,29,37,34,31,33,36,35,34,42,38,39,37,37,41,35,37,35,33,33,33,37,37,34,39,40,39,40,42,42,41,42
NP_006859.2,47,45,47,45,45,44,44,42,45,47,47,46,43,45,40,41,41,45,45,44,42,52,50,46,46,54,56,61,62,55,56,55,57,56,54,59,58,56,56,56,52,50,49,51,54,55,63,69,65,73,76,76,86,,53,53,51,53,52,52,56,57,53,55,60,60,57,60,55,59,62,55,61,66,29,65,60,52,52,53,59,60,52,53,61,52,59,58,47,59,64,62,58,56,63,63,64,58,61,61,61,59,58,60,57,52,62,61,59,60,60,63,29,30,27,30,38,33,33,29,30,32,37,37,32,33,35,36,25,34,37,30,36,33,32,34,35,37,35,41,36,39,38,37,39,35,36,34,32,32,32,36,35,36,39,40,39,39,41,41,41,42
NP_001293087.1,39,35,39,38,36,36,37,35,39,39,37,40,42,38,38,39,39,41,43,44,43,53,47,49,38,51,50,51,52,52,51,52,47,49,52,48,47,50,51,52,41,40,48,47,47,45,48,54,53,45,50,47,54,53,,100,48,44,43,50,55,53,53,53,60,65,64,53,54,57,58,57,57,59,28,52,49,52,50,51,50,48,58,55,49,48,57,55,42,58,56,56,52,53,55,56,57,50,59,53,55,55,57,55,58,48,57,56,48,55,56,57,34,33,27,28,37,31,29,21,26,29,31,28,29,30,31,33,24,34,28,32,37,32,30,32,34,32,31,36,35,36,33,31,37,35,35,34,30,30,30,34,31,30,31,34,33,34,34,34,33,34
NP_001003789.1,39,35,39,38,36,36,37,35,39,39,37,40,42,38,38,39,39,41,43,44,43,53,47,49,38,51,50,51,52,52,51,52,47,49,52,48,47,50,50,51,41,40,47,47,47,45,48,54,53,45,50,47,54,53,100,,48,44,43,50,55,53,53,53,60,66,64,53,54,57,58,57,57,59,28,52,49,51,50,51,50,48,58,55,49,48,57,55,42,58,56,56,52,53,55,56,57,50,59,53,55,55,57,55,58,48,57,56,48,55,56,57,34,33,27,28,37,31,29,21,26,29,31,28,29,30,31,33,24,34,28,32,37,32,30,32,34,32,31,36,36,36,33,31,37,35,35,34,30,30,30,34,31,30,31,34,33,34,34,34,33,34
NP_001136096.2,41,36,41,37,29,37,37,37,31,34,33,39,39,39,35,39,38,33,33,34,35,49,48,43,37,47,40,50,50,50,50,48,38,43,50,50,50,46,48,50,43,36,44,44,44,43,51,47,52,47,50,43,58,51,48,48,,72,45,49,53,45,48,54,55,53,50,49,50,55,55,51,46,57,24,48,42,47,46,46,52,48,52,52,41,48,55,56,41,56,55,53,52,48,50,52,54,44,56,50,51,50,53,52,58,51,57,57,45,58,57,58,31,31,21,22,38,27,24,23,25,28,29,24,26,26,30,31,23,27,22,21,24,35,30,29,28,31,30,33,31,33,30,30,35,33,32,34,29,29,29,32,30,32,30,29,32,32,35,35,33,34
NP_001336806.1,41,36,41,38,28,38,37,39,33,34,33,40,40,39,35,40,39,30,32,35,33,47,46,44,40,51,40,51,51,49,49,47,39,47,51,50,50,49,50,50,47,38,46,48,44,44,56,49,53,46,48,43,55,53,44,44,72,,49,50,54,48,50,54,56,53,51,54,57,56,54,56,48,58,24,51,39,47,47,46,50,52,55,54,36,54,60,58,49,57,57,56,55,50,54,58,58,41,54,49,49,50,51,51,59,49,57,57,50,58,58,59,30,31,21,22,38,28,25,23,27,30,31,23,28,26,32,33,23,27,20,20,23,34,29,29,29,31,31,33,33,34,30,29,38,32,32,34,27,27,31,31,31,34,31,26,34,34,36,36,34,35
NP_060287.1,36,38,39,38,35,36,37,36,35,36,35,35,33,33,31,33,33,37,37,37,38,43,41,39,40,44,45,43,46,44,43,43,42,38,44,43,42,43,43,44,43,39,42,43,43,42,45,49,52,50,52,51,49,52,43,43,45,49,,44,44,48,43,46,49,47,46,42,44,45,46,46,48,49,19,48,47,43,42,42,44,44,47,47,48,41,46,47,29,43,47,46,44,46,48,48,47,48,48,50,45,46,46,47,43,37,47,47,43,46,48,49,31,30,29,30,35,25,25,23,28,29,30,31,28,28,30,29,20,29,31,30,35,31,27,31,31,35,33,38,31,34,33,29,33,31,29,30,29,29,32,33,29,27,30,35,33,32,36,36,35,34
NP_001153073.1,43,35,42,41,41,41,40,38,38,39,41,39,41,39,38,39,39,43,40,42,42,50,51,50,48,51,58,53,53,56,56,56,52,53,54,54,54,56,55,57,43,48,47,48,54,54,50,52,54,49,52,53,51,52,50,50,49,50,44,,55,56,54,54,54,56,55,56,51,47,49,51,55,53,24,53,51,51,51,49,52,51,52,52,55,47,50,54,40,53,58,52,56,51,54,56,56,54,55,54,55,56,56,56,53,46,55,55,56,57,57,58,31,31,25,28,38,29,29,26,30,33,39,29,30,30,33,34,23,30,34,29,34,33,31,31,31,36,36,39,36,36,35,35,36,34,36,34,30,30,32,34,32,32,34,36,36,35,38,38,36,36
NP_001129134.1,46,41,47,45,40,40,41,40,43,46,44,42,41,41,36,41,41,45,45,44,45,53,46,46,50,55,57,55,56,54,55,53,53,53,55,58,58,54,54,55,48,48,51,53,50,49,54,62,60,56,59,59,57,56,55,55,53,54,44,55,,81,77,60,66,64,63,59,57,57,58,59,58,61,27,59,57,57,56,56,60,59,59,60,61,52,56,59,43,58,61,63,60,56,60,63,61,61,62,60,62,61,63,64,59,50,62,62,54,64,64,66,31,32,30,31,38,32,31,27,31,30,37,35,31,32,37,38,24,35,33,29,35,35,31,32,36,34,33,38,38,40,38,35,40,36,36,34,27,27,30,35,36,36,38,39,38,38,39,39,38,39
NP_006825.1,43,38,44,42,37,38,38,37,39,41,40,39,38,38,32,36,35,42,43,43,44,53,48,47,41,52,49,55,55,52,50,50,50,52,55,54,54,53,53,52,48,45,52,51,50,49,50,61,56,53,56,55,60,57,53,53,45,48,48,56,81,,85,65,67,64,65,57,57,58,60,60,55,60,27,55,54,54,55,54,58,58,57,60,56,51,57,59,44,58,62,61,58,56,63,58,60,57,66,59,58,60,61,59,60,47,60,59,60,61,65,67,27,28,27,30,37,31,30,25,29,31,37,33,30,31,36,38,24,34,31,26,31,31,32,31,31,32,32,34,36,39,35,31,37,34,31,32,27,27,28,34,36,33,37,34,36,34,35,35,33,34
NP_071732.1,43,38,41,42,38,37,37,35,40,39,39,35,37,35,32,35,36,38,42,41,41,50,44,45,43,48,52,54,54,50,52,48,49,49,49,52,52,52,53,53,46,45,49,50,50,47,51,58,55,55,58,59,55,53,53,53,48,50,43,54,77,85,,65,64,60,60,55,55,55,57,57,57,59,27,59,55,52,52,52,59,60,57,56,57,49,53,57,40,56,60,60,60,54,59,59,61,57,64,63,61,62,63,63,60,49,60,60,57,60,63,65,29,29,26,28,36,31,31,23,29,30,36,32,29,31,36,36,25,30,32,26,31,33,29,29,33,34,34,35,37,40,37,32,37,33,33,32,27,27,28,33,37,35,39,38,38,37,38,38,36,36
NP_001157994.1,43,39,41,43,40,38,38,36,46,47,39,39,42,42,37,41,42,40,44,45,43,55,50,45,48,52,53,58,58,56,55,54,58,53,55,52,53,55,56,55,48,50,50,49,56,48,56,63,57,55,60,59,56,55,53,53,54,54,46,54,60,65,65,,74,68,68,56,55,56,56,64,59,61,27,59,54,54,55,53,58,60,55,56,54,47,52,58,39,57,61,60,60,53,62,58,59,56,59,60,60,61,60,61,59,49,61,61,52,54,58,57,30,30,27,29,37,30,31,27,32,36,39,32,31,29,38,36,24,34,33,29,35,34,33,30,36,38,36,39,40,41,39,36,41,34,36,34,30,30,33,37,40,37,41,39,40,39,42,42,39,39
NP_004628.4,44,41,46,45,44,41,42,41,44,48,42,43,45,44,43,44,45,49,52,52,50,52,53,49,48,57,58,58,60,57,56,55,56,55,61,57,57,56,55,56,47,50,51,53,56,49,56,63,65,58,64,63,63,60,60,60,55,56,49,54,66,67,64,74,,79,79,58,57,60,64,67,64,65,31,65,60,57,55,55,59,59,61,59,60,52,59,60,50,63,64,63,62,59,65,67,68,58,62,61,62,61,64,63,60,53,64,64,56,61,63,66,31,30,28,30,38,31,31,28,32,35,39,34,30,31,36,36,25,33,33,29,33,33,32,32,34,37,37,42,41,41,40,33,39,36,36,34,30,30,32,35,37,34,38,38,38,37,41,41,39,40
NP_001182257.1,44,40,49,45,42,43,43,41,44,47,42,41,46,42,40,43,43,49,51,50,52,57,50,45,47,57,63,60,60,58,59,56,57,56,58,57,57,60,61,61,53,50,52,52,54,48,56,64,63,56,62,61,61,60,65,66,53,53,47,56,64,64,60,68,79,,92,57,56,59,59,60,59,62,29,61,57,56,55,56,57,60,60,57,57,53,61,61,45,57,65,62,59,58,65,64,64,56,62,60,58,58,60,61,59,51,61,61,53,58,62,65,30,30,26,27,36,33,32,29,32,35,38,31,33,31,39,38,22,36,34,29,33,31,29,31,35,36,36,43,41,43,41,33,39,35,35,34,30,30,33,36,38,35,38,39,39,39,42,42,39,39
NP_057454.1,45,39,48,46,42,43,44,44,44,47,42,42,45,41,39,43,43,46,50,50,50,53,50,45,46,56,62,60,60,55,55,53,57,55,58,55,56,58,58,59,52,50,52,51,54,49,56,63,62,55,60,58,60,57,64,64,50,51,46,55,63,65,60,68,79,92,,58,57,60,60,61,58,60,30,59,58,56,55,56,58,62,57,57,56,51,58,61,44,60,63,63,60,57,64,64,66,57,59,59,59,57,59,59,61,49,59,59,51,58,63,63,31,31,26,29,36,33,33,28,33,33,39,32,32,33,38,37,23,35,35,29,34,30,30,31,34,36,36,41,40,39,40,33,38,35,35,33,29,29,33,35,36,34,37,38,38,37,40,41,37,37
NP_001171172.1,45,45,43,43,42,44,44,44,46,45,44,43,43,43,39,43,43,52,54,54,54,53,45,44,49,54,50,53,56,57,58,57,56,56,54,53,54,55,54,54,52,46,47,49,53,54,55,60,61,55,60,60,60,60,53,53,49,54,42,56,59,57,55,56,58,57,58,,55,59,59,64,60,61,22,59,55,56,58,55,58,58,55,55,58,55,65,61,47,57,66,59,63,53,59,61,61,59,61,62,57,57,59,59,62,45,60,60,63,62,61,63,36,37,26,31,34,33,33,31,35,33,40,36,37,35,36,37,25,32,32,30,33,31,29,33,35,36,36,39,38,38,33,30,34,33,34,33,28,28,31,33,31,31,34,34,33,35,36,35,34,35
NP_001180461.1,44,38,43,42,41,40,41,40,41,43,41,41,39,40,38,39,39,44,45,47,49,53,44,47,49,54,59,58,58,55,55,54,54,57,56,55,55,56,55,54,54,50,50,53,51,50,52,60,57,56,58,58,57,55,54,54,50,57,44,51,57,57,55,55,57,56,57,55,,69,70,59,56,57,22,57,56,49,49,48,57,56,59,61,58,57,69,66,53,63,61,61,61,52,61,63,63,58,62,61,60,60,60,60,60,47,59,58,56,56,60,61,34,34,29,31,34,32,31,25,28,33,36,33,30,31,37,37,25,31,34,29,36,34,31,33,34,38,37,40,40,41,36,35,38,35,36,35,32,32,33,33,38,40,41,38,41,41,43,43,42,41
NP_059986.1,42,40,44,43,37,40,41,40,39,42,39,40,40,40,37,39,38,48,45,47,47,54,48,43,48,55,60,53,53,54,53,53,53,55,55,54,54,55,54,53,50,48,49,49,50,50,52,63,60,56,62,60,61,59,57,57,55,56,45,47,57,58,55,56,60,59,60,59,69,,93,59,58,60,23,58,57,53,55,53,60,59,63,63,58,62,73,70,59,68,67,66,62,50,63,65,68,58,66,62,62,60,62,61,65,48,65,63,60,62,64,67,31,32,26,27,34,32,31,25,27,30,34,34,30,30,32,35,22,31,31,26,34,31,29,33,30,37,36,38,36,39,37,34,38,32,33,33,32,32,31,34,33,34,37,35,38,40,41,41,42,42
NP_741995.1,41,41,43,42,37,40,40,40,40,40,39,40,42,39,35,38,37,50,46,47,47,53,46,46,49,55,60,54,54,56,56,55,56,57,59,57,58,56,55,54,50,49,49,51,51,51,52,65,62,59,64,62,62,62,58,58,55,54,46,49,58,60,57,56,64,59,60,59,70,93,,62,60,62,24,62,58,54,56,54,62,59,63,65,60,63,74,70,61,69,68,68,65,53,65,67,68,61,67,65,63,62,64,63,66,49,65,63,63,64,66,68,31,32,27,29,35,31,31,23,29,29,33,34,30,31,32,35,22,32,32,27,35,32,29,33,31,36,35,40,39,40,37,35,39,33,33,33,33,33,32,34,33,33,36,37,38,40,42,42,42,43
NP_001265595.1,45,40,43,43,39,39,40,41,44,42,40,42,41,41,37,41,41,47,49,48,47,52,48,48,44,53,58,55,56,52,51,51,55,51,57,55,54,52,53,52,48,42,48,48,53,51,56,57,62,56,61,60,56,55,57,57,51,56,46,51,59,60,57,64,67,60,61,64,59,59,62,,56,57,23,52,52,52,52,52,57,57,63,59,57,58,66,61,50,65,65,65,62,56,65,65,67,65,59,59,67,67,67,67,65,48,61,62,62,65,65,67,29,29,29,32,36,29,28,24,32,30,36,33,29,28,33,33,22,33,31,29,36,36,30,31,33,37,37,43,40,40,37,34,40,33,35,31,31,31,30,33,38,37,39,36,39,39,42,42,39,40
NP_001027898.2,47,41,44,42,40,43,43,43,39,42,38,39,41,41,38,40,41,44,45,46,48,55,51,51,43,54,52,59,60,53,52,52,47,60,55,53,53,54,55,54,45,42,50,50,52,55,56,59,60,56,60,57,63,61,57,57,46,48,48,55,58,55,57,59,64,59,58,60,56,58,60,56,,82,35,76,54,56,58,57,54,51,57,56,50,53,61,59,45,57,64,61,59,57,60,60,62,56,62,55,62,62,63,61,56,49,60,60,54,64,61,64,33,33,25,27,34,30,29,30,30,36,35,30,32,32,36,38,27,33,32,29,35,32,36,35,31,35,34,33,35,39,36,36,40,32,36,36,30,30,32,37,35,38,37,35,39,38,39,39,38,38
NP_001350882.1,45,43,44,45,40,40,40,41,45,46,40,40,41,40,36,38,39,48,49,51,50,53,52,48,48,56,58,59,59,54,54,53,56,57,55,54,53,53,54,54,48,47,50,49,55,54,60,66,66,59,64,63,64,66,59,59,57,58,49,53,61,60,59,61,65,62,60,61,57,60,62,57,82,,42,89,62,57,59,59,62,60,59,59,58,55,65,63,51,62,63,65,63,59,64,63,65,61,64,63,65,65,65,67,59,49,65,64,60,63,66,67,30,31,24,26,34,33,33,28,31,36,38,33,33,30,35,36,25,30,33,27,35,30,31,32,34,36,35,36,37,39,36,34,40,33,37,32,30,30,30,35,34,36,37,39,40,39,40,40,37,38
NP_001230647.1,19,19,19,19,14,15,14,16,18,18,15,15,15,15,15,15,16,20,22,24,21,18,23,19,23,17,21,23,23,20,20,21,19,13,22,21,21,22,22,23,18,16,20,18,24,17,25,22,26,21,24,24,29,29,28,28,24,24,19,24,27,27,27,27,31,29,30,22,22,23,24,23,35,42,,47,24,23,23,23,27,24,24,22,22,15,15,23,15,24,23,26,23,25,25,27,28,24,27,23,28,28,28,28,24,28,27,26,13,26,29,29,14,16,12,13,14,15,15,6,11,14,17,13,13,14,16,17,19,15,16,12,15,15,16,16,14,15,14,19,17,15,16,20,19,16,19,19,16,16,14,18,15,10,18,16,19,17,18,17,16,16
NP_115520.2,47,41,44,41,35,39,38,40,42,40,36,36,40,39,35,38,38,45,48,51,48,54,49,50,46,52,53,56,55,54,54,54,49,55,50,53,53,53,54,54,42,36,42,41,52,51,56,57,59,54,59,59,64,65,52,52,48,51,48,53,59,55,59,59,65,61,59,59,57,58,62,52,76,89,47,,55,50,52,52,56,54,57,57,50,53,63,59,47,60,60,59,58,56,59,61,62,54,64,57,58,60,59,59,57,50,62,63,56,61,64,64,29,30,23,23,34,29,28,25,28,32,34,26,28,26,34,34,27,31,29,27,33,30,29,26,29,35,33,36,34,35,35,33,36,30,35,33,32,32,29,36,31,32,34,35,36,39,40,40,36,37
NP_001244286.1,46,36,45,41,33,40,40,40,31,34,39,43,37,41,35,39,37,34,39,35,38,55,48,50,41,50,42,57,57,58,56,57,41,53,56,55,54,55,56,55,45,43,51,53,53,52,55,57,55,52,58,51,62,60,49,49,42,39,47,51,57,54,55,54,60,57,58,55,56,57,58,52,54,62,24,55,,60,61,60,57,58,58,59,39,53,59,62,47,59,63,57,61,56,61,61,63,46,68,60,62,62,61,62,65,52,68,69,60,62,66,66,32,31,23,26,37,27,25,30,29,33,35,25,30,32,35,37,23,33,26,23,25,32,30,33,35,37,37,38,39,39,36,34,39,37,37,36,32,32,32,35,32,35,36,31,39,38,41,41,38,38
NP_001166134.1,42,37,43,43,42,39,40,41,41,45,41,42,41,39,38,41,41,42,41,41,41,54,44,47,41,48,54,55,57,49,50,48,51,52,52,51,52,51,52,52,41,32,37,37,51,47,48,54,53,50,53,53,52,52,52,51,47,47,43,51,57,54,52,54,57,56,56,56,49,53,54,52,56,57,23,50,60,,92,94,56,56,52,51,56,52,56,57,38,58,63,63,62,54,59,60,61,57,62,61,58,59,60,61,60,53,61,62,64,66,63,63,24,25,21,22,36,28,28,26,26,30,31,30,24,26,30,30,23,31,33,30,36,32,27,28,34,38,38,41,38,37,35,34,38,35,36,33,32,32,33,37,32,34,34,34,36,37,37,37,35,37
NP_543155.2,42,38,42,42,41,40,40,40,42,43,40,41,41,38,38,41,40,41,44,43,43,50,43,47,42,50,52,52,54,47,48,47,52,53,50,51,52,52,52,51,41,31,35,35,52,48,50,53,55,50,54,53,53,52,50,50,46,47,42,51,56,55,52,55,55,55,55,58,49,55,56,52,58,59,23,52,61,92,,95,55,56,53,51,56,54,59,57,38,57,63,64,63,54,58,61,62,59,63,62,58,58,60,60,60,50,62,62,65,67,63,63,24,25,22,22,35,27,27,25,27,29,32,28,23,24,30,30,24,29,33,29,33,31,27,27,33,36,36,41,37,36,35,34,38,34,35,32,32,32,32,36,30,33,34,34,36,36,36,36,34,35
NP_006813.1,42,37,42,41,41,40,40,41,41,44,40,42,41,38,38,41,40,42,43,41,41,50,43,48,42,48,53,53,55,47,48,46,50,52,49,52,52,51,52,52,41,32,36,37,50,47,48,54,55,51,54,53,53,53,51,51,46,46,42,49,56,54,52,53,55,56,56,55,48,53,54,52,57,59,23,52,60,94,95,,55,55,52,50,56,52,57,55,37,57,61,63,62,54,58,59,60,57,63,62,58,59,60,61,60,52,61,62,64,66,63,63,24,25,22,22,35,27,27,26,27,30,33,28,23,24,29,29,22,29,33,29,34,31,26,26,33,36,36,40,37,36,35,34,37,33,34,32,32,32,32,36,30,33,34,34,36,36,36,36,34,35
NP_004785.1,44,35,40,38,38,40,40,39,38,42,43,41,42,39,39,42,42,44,39,43,43,55,47,47,45,53,46,55,57,53,53,55,48,49,51,57,58,56,56,57,46,44,49,51,51,49,50,59,57,55,60,56,62,59,50,50,52,50,44,52,60,58,59,58,59,57,58,58,57,60,62,57,54,62,27,56,57,56,55,55,,81,58,59,61,55,62,62,48,61,66,66,63,57,59,62,60,56,66,62,61,59,59,58,62,52,67,67,56,63,67,67,32,32,24,26,35,32,31,25,28,32,35,28,30,32,35,33,23,32,31,27,32,34,30,31,31,32,32,40,39,35,35,31,36,33,33,34,31,31,32,33,31,32,33,31,36,36,37,37,35,36
NP_112586.1,43,35,39,40,38,42,42,42,38,41,40,42,41,39,38,41,41,43,43,44,46,53,47,48,43,53,52,57,57,60,59,59,51,53,55,60,60,57,59,59,47,45,49,50,51,52,52,59,58,53,57,55,58,60,48,48,48,52,44,51,59,58,60,60,59,60,62,58,56,59,59,57,51,60,24,54,58,56,56,55,81,,57,58,59,54,58,60,42,59,65,65,63,54,58,60,58,57,66,63,59,55,56,56,61,51,65,67,55,62,67,67,32,31,22,24,36,31,29,27,28,32,37,31,31,31,34,34,22,32,31,27,32,33,29,31,30,34,34,43,40,38,37,32,37,35,35,35,34,34,33,36,35,34,35,34,38,38,40,40,38,39
NP_004571.2,40,39,39,40,38,38,39,38,41,42,38,40,41,38,37,40,40,45,44,43,44,47,46,43,44,52,51,52,53,52,53,52,53,53,51,52,52,53,53,51,48,47,47,49,51,49,50,58,57,54,57,57,55,52,58,58,52,55,47,52,59,57,57,55,61,60,57,55,59,63,63,63,57,59,24,57,58,52,53,52,58,57,,88,59,58,63,62,51,61,61,64,63,56,64,64,64,61,64,65,69,66,69,68,68,53,66,66,61,63,66,67,31,32,26,30,37,32,32,25,28,31,35,32,28,28,33,33,23,32,32,29,35,31,29,32,36,34,34,39,38,38,39,35,37,36,37,36,31,31,32,34,37,34,37,36,39,39,41,41,41,42
NP_001362256.1,42,38,38,39,38,40,40,37,41,41,39,40,41,40,36,40,39,47,45,44,45,47,47,41,44,50,52,52,52,55,54,54,52,56,52,54,53,53,52,51,50,47,49,50,49,51,51,59,55,55,57,56,56,53,55,55,52,54,47,52,60,60,56,56,59,57,57,55,61,63,65,59,56,59,22,57,59,51,51,50,59,58,88,,59,54,60,62,54,62,61,61,62,54,66,62,61,62,62,64,68,66,70,68,68,50,62,62,62,63,65,66,31,32,28,31,37,31,32,23,30,31,34,33,28,28,34,33,23,33,32,29,36,31,28,31,35,36,36,40,40,40,40,35,37,38,37,36,30,30,34,35,38,34,38,36,38,40,42,42,41,41
NP_689786.2,48,36,44,39,31,40,41,40,32,37,40,41,40,41,36,40,39,36,33,34,36,53,49,48,44,53,46,60,61,58,58,56,46,52,58,59,59,59,58,58,47,43,50,53,56,50,52,59,58,56,57,53,62,61,49,49,41,36,48,55,61,56,57,54,60,57,56,58,58,58,60,57,50,58,22,50,39,56,56,56,61,59,59,59,,53,60,59,41,56,64,60,60,57,65,64,63,52,64,62,61,60,61,60,61,53,65,65,54,64,66,67,30,30,24,25,37,30,29,28,33,36,38,27,31,33,33,35,24,34,28,24,28,33,27,31,36,35,35,39,39,39,34,32,37,35,36,34,33,33,31,32,34,33,34,21,36,38,38,38,40,40
NP_001229573.1,39,37,40,37,35,36,37,37,36,38,35,37,36,33,30,34,34,41,44,41,44,47,37,52,40,50,48,52,54,47,49,49,49,53,44,46,48,49,49,47,42,41,42,44,44,43,49,55,59,53,59,58,54,52,48,48,48,54,41,47,52,51,49,47,52,53,51,55,57,62,63,58,53,55,15,53,53,52,54,52,55,54,58,54,53,,93,74,68,68,60,62,63,51,64,63,63,56,59,61,58,58,59,60,60,41,60,59,64,61,63,66,28,28,26,25,32,27,27,24,29,26,27,28,23,25,26,28,16,28,27,24,32,27,23,26,29,28,28,29,29,37,29,28,34,27,28,26,26,26,25,30,30,37,33,32,34,34,35,35,32,34
NP_001156852.1,42,43,46,43,38,39,40,40,41,43,37,39,38,35,31,36,36,48,49,48,51,57,44,56,45,59,62,61,64,53,55,54,55,54,53,53,54,54,53,51,46,45,47,49,49,51,55,64,65,63,66,65,62,59,57,57,55,60,46,50,56,57,53,52,59,61,58,65,69,73,74,66,61,65,15,63,59,56,59,57,62,58,63,60,60,93,,82,66,73,65,68,68,57,69,71,72,63,67,69,64,64,66,63,70,43,65,66,62,67,71,72,33,33,28,29,33,29,30,25,30,29,31,29,25,26,27,29,16,31,29,27,37,30,26,30,30,33,32,33,32,44,34,29,39,30,32,29,28,28,28,32,35,39,38,35,37,37,40,40,37,38
NP_057406.2,45,41,46,44,42,41,41,41,40,41,43,43,41,41,37,41,41,46,48,46,48,55,46,49,47,53,55,54,55,52,54,53,55,54,54,54,55,56,55,54,46,48,50,51,51,51,57,62,64,58,62,63,61,58,55,55,56,58,47,54,59,59,57,58,60,61,61,61,66,70,70,61,59,63,23,59,62,57,57,55,62,60,62,62,59,74,82,,73,81,66,66,67,56,66,70,69,64,69,66,68,66,68,68,68,50,69,66,61,67,69,69,31,30,24,28,36,31,32,26,26,30,33,33,28,30,32,34,21,29,32,28,35,33,26,31,32,36,35,39,37,43,32,32,39,34,34,33,32,32,31,34,33,35,37,37,38,39,40,40,39,39
NP_001258927.1,30,30,33,33,27,25,26,26,26,28,26,29,28,27,17,26,26,41,36,40,41,51,40,43,40,44,43,46,45,43,44,44,45,47,44,44,43,45,42,40,38,39,39,42,44,43,41,50,49,45,48,49,47,47,42,42,41,49,29,40,43,44,40,39,50,45,44,47,53,59,61,50,45,51,15,47,47,38,38,37,48,42,51,54,41,68,66,73,,88,53,50,56,50,53,54,56,50,51,49,53,52,53,52,58,18,48,47,49,48,48,53,23,23,27,26,19,18,19,22,18,17,21,20,16,18,17,22,11,20,26,19,31,19,16,21,21,26,25,15,21,33,24,17,27,24,24,22,17,17,19,23,20,24,28,23,31,24,26,26,28,27
NP_057238.3,43,39,42,42,40,37,38,38,40,42,40,40,39,39,34,38,38,45,45,46,48,52,48,47,48,51,59,54,55,52,52,52,56,51,54,52,52,53,51,50,49,50,49,50,51,50,57,63,60,57,61,61,61,59,58,58,56,57,43,53,58,58,56,57,63,57,60,57,63,68,69,65,57,62,24,60,59,58,57,57,61,59,61,62,56,68,73,81,88,,66,67,70,54,67,67,69,62,62,62,64,64,65,64,70,51,63,63,55,65,66,67,32,32,27,30,37,28,28,26,30,28,33,34,29,30,32,35,21,29,34,27,34,34,28,30,33,38,36,43,39,43,36,32,36,33,35,33,32,32,31,32,34,36,39,35,40,39,39,39,38,38
NP_001272988.1,46,42,48,44,41,46,46,43,43,43,43,42,44,44,39,43,43,46,46,48,47,58,52,48,47,56,60,61,61,58,59,56,58,58,61,60,62,58,59,58,49,47,52,54,54,54,58,70,67,60,65,65,66,64,56,56,55,57,47,58,61,62,60,61,64,65,63,66,61,67,68,65,64,63,23,60,63,63,63,61,66,65,61,61,64,60,65,66,53,66,,75,74,63,66,67,71,71,68,68,69,68,70,68,69,59,75,75,61,71,71,73,32,32,25,28,36,31,31,28,30,31,35,33,30,31,36,36,25,33,34,34,39,35,30,30,33,36,36,40,40,40,38,34,38,35,35,34,30,30,33,36,34,35,37,37,36,40,38,38,39,40
NP_001008749.2,44,39,48,45,42,43,44,42,41,39,42,42,42,39,39,41,42,47,46,46,46,55,48,49,47,55,60,56,59,58,58,57,56,56,55,59,60,57,57,59,48,47,50,51,53,50,55,62,63,55,59,58,62,62,56,56,53,56,46,52,63,61,60,60,63,62,63,59,61,66,68,65,61,65,26,59,57,63,64,63,66,65,64,61,60,62,68,66,50,67,75,,82,58,69,69,70,66,67,67,66,64,65,64,68,56,72,70,63,72,73,74,32,32,25,27,37,31,31,27,28,32,37,34,29,31,35,36,24,33,33,30,35,36,31,32,33,37,36,37,37,39,38,32,37,34,34,34,30,30,30,34,33,35,35,38,38,40,39,39,38,38
NP_001191812.1,45,37,44,43,42,44,45,44,41,40,41,43,45,41,40,43,43,45,46,46,48,54,48,46,44,53,56,55,56,57,56,55,52,52,53,57,58,59,59,57,51,49,54,54,53,50,54,59,56,53,57,57,60,58,52,52,52,55,44,56,60,58,60,60,62,59,60,63,61,62,65,62,59,63,23,58,61,62,63,62,63,63,63,62,60,63,68,67,56,70,74,82,,60,66,69,69,65,65,63,60,60,61,62,68,56,72,71,63,69,70,71,34,34,20,23,35,29,29,25,27,30,32,32,28,29,32,32,23,32,32,28,34,33,27,29,33,34,33,36,36,39,33,31,34,33,33,32,30,30,29,32,32,36,36,33,36,38,37,37,37,37
NP_001243339.1,43,40,44,43,39,40,40,40,38,38,41,39,37,37,35,38,39,40,40,43,42,50,44,44,44,44,44,52,54,48,47,49,50,54,51,50,51,51,50,49,40,40,43,44,46,45,50,57,58,51,56,56,57,56,53,53,48,50,46,51,56,56,54,53,59,58,57,53,52,50,53,56,57,59,25,56,56,54,54,54,57,54,56,54,57,51,57,56,50,54,63,58,60,,58,59,59,58,63,60,61,60,60,60,59,49,63,65,65,63,64,65,27,26,21,23,33,28,28,27,26,29,29,29,27,28,30,31,22,29,31,27,31,29,28,31,32,34,35,35,33,36,34,32,33,31,32,30,28,28,30,32,32,31,34,36,31,34,35,35,33,34
NP_065120.2,44,36,40,39,40,38,38,37,40,41,40,41,41,39,34,38,38,48,45,48,46,51,49,46,45,51,54,55,58,53,53,53,50,51,53,53,52,54,55,55,49,46,47,50,52,51,58,62,58,58,63,63,65,63,55,55,50,54,48,54,60,63,59,62,65,65,64,59,61,63,65,65,60,64,25,59,61,59,58,58,59,58,64,66,65,64,69,66,53,67,66,69,66,58,,80,79,62,61,65,69,69,71,70,64,54,65,66,65,69,69,70,29,30,25,27,37,29,29,25,32,31,37,31,26,28,34,33,23,31,36,29,36,34,27,29,34,37,37,38,39,41,38,35,40,34,34,35,29,29,33,34,35,37,37,37,39,39,40,40,38,39
NP_004654.1,45,41,44,43,40,41,41,41,42,43,42,43,44,40,37,42,41,46,49,51,48,53,47,47,44,53,55,53,57,53,53,52,51,52,54,55,55,54,54,55,50,49,49,52,54,51,58,62,61,60,64,63,62,63,56,56,52,58,48,56,63,58,59,58,67,64,64,61,63,65,67,65,60,63,27,61,61,60,61,59,62,60,64,62,64,63,71,70,54,67,67,69,69,59,80,,95,64,64,65,68,69,67,68,65,56,70,69,62,70,70,71,34,34,26,29,38,32,32,27,29,31,35,33,26,29,34,33,24,33,34,29,36,33,29,32,34,34,35,41,40,42,37,35,40,33,36,33,31,31,33,35,33,38,38,37,40,40,41,41,40,40
NP_004209.2,46,41,45,44,40,40,41,42,43,44,40,42,45,41,37,42,41,47,48,51,48,53,49,48,44,53,55,54,57,54,55,53,52,54,53,54,55,54,54,54,50,48,49,52,54,49,59,63,63,58,64,64,63,64,57,57,54,58,47,56,61,60,61,59,68,64,66,61,63,68,68,67,62,65,28,62,63,61,62,60,60,58,64,61,63,63,72,69,56,69,71,70,69,59,79,95,,65,63,64,72,70,69,69,67,56,71,70,63,69,71,73,33,33,26,29,38,32,32,26,29,31,35,32,26,29,34,34,25,33,34,29,36,33,29,31,35,34,35,41,40,42,37,34,40,33,36,33,31,31,33,36,33,38,38,37,40,40,41,41,39,40
NP_001020471.3,46,41,47,42,30,43,43,43,33,35,37,44,43,41,37,40,40,37,34,31,34,54,52,50,38,54,45,56,55,54,54,55,47,60,56,57,58,55,55,55,45,41,49,49,53,51,58,56,60,55,57,52,59,58,50,50,44,41,48,54,61,57,57,56,58,56,57,59,58,58,61,65,56,61,24,54,46,57,59,57,56,57,61,62,52,56,63,64,50,62,71,66,65,58,62,64,65,,67,63,68,70,72,71,67,56,68,68,62,72,74,73,33,33,25,25,39,31,28,26,31,30,32,28,27,29,35,35,23,31,24,21,24,37,29,33,34,35,35,34,34,38,36,36,37,31,34,33,29,29,31,35,35,35,36,27,36,37,37,37,37,37
NP_001294982.1,50,45,48,46,45,46,47,45,44,47,43,45,45,44,43,46,46,43,45,45,47,54,51,49,49,53,56,61,59,59,61,59,62,59,61,62,62,62,62,61,51,49,52,53,57,54,56,67,62,62,67,66,64,61,59,59,56,54,48,55,62,66,64,59,62,62,59,61,62,66,67,59,62,64,27,64,68,62,63,63,66,66,64,62,64,59,67,69,51,62,68,67,65,63,61,64,63,67,,91,66,66,67,67,70,57,75,76,64,72,74,73,33,33,26,27,39,35,36,26,31,34,38,36,31,32,35,35,25,34,32,31,37,37,30,32,41,38,37,44,41,44,42,39,41,38,38,37,34,34,34,39,40,40,41,41,44,45,47,47,45,45
NP_001006639.1,50,44,50,47,43,47,48,47,43,45,43,46,46,44,43,48,47,44,45,43,46,53,51,50,47,57,51,62,60,62,63,61,58,60,58,63,63,63,63,62,49,44,52,54,60,55,57,65,61,60,65,64,64,61,53,53,50,49,50,54,60,59,63,60,61,60,59,62,61,62,65,59,55,63,23,57,60,61,62,62,62,63,65,64,62,61,69,66,49,62,68,67,63,60,65,65,64,63,91,,66,67,67,68,67,57,75,76,72,74,76,76,33,33,24,27,39,33,32,28,31,36,36,34,31,33,37,37,26,35,31,31,36,35,28,30,34,35,33,38,38,39,37,35,36,35,35,34,30,30,33,36,36,40,37,38,39,40,41,41,39,40
NP_004274.1,46,41,47,43,40,42,43,43,42,43,40,44,42,41,38,41,41,46,45,43,46,54,53,48,43,52,49,57,58,56,56,56,53,56,56,58,57,55,56,56,43,46,51,51,55,53,57,63,63,59,63,63,62,61,55,55,51,49,45,55,62,58,61,60,62,58,59,57,60,62,63,67,62,65,28,58,62,58,58,58,61,59,69,68,61,58,64,68,53,64,69,66,60,61,69,68,72,68,66,66,,92,92,90,72,59,77,77,66,75,78,79,30,31,24,26,37,31,31,25,32,32,34,32,28,31,34,35,23,35,31,28,35,36,31,31,35,38,36,36,38,38,36,35,38,35,36,36,32,32,33,35,36,37,37,36,40,38,39,40,39,39
NP_002858.2,46,41,47,43,41,43,43,43,42,43,41,44,42,41,39,41,40,47,45,44,47,53,52,49,42,53,51,56,58,56,56,56,54,54,56,57,57,55,56,55,44,45,49,50,54,52,59,61,63,58,61,60,62,59,55,55,50,50,46,56,61,60,62,61,61,58,57,57,60,60,62,67,62,65,28,60,62,59,58,59,59,55,66,66,60,58,64,66,52,64,68,64,60,60,69,69,70,70,66,67,92,,95,95,71,60,76,74,65,74,79,79,30,31,25,26,40,31,31,25,31,32,35,32,29,31,32,34,23,34,32,28,34,35,31,32,36,38,37,36,38,40,36,36,38,34,36,35,32,32,32,37,37,38,38,38,41,40,41,42,40,40
NP_002857.1,46,41,48,44,41,44,44,43,43,43,41,43,43,42,39,41,41,46,45,44,48,55,52,49,44,53,52,57,59,56,57,57,53,58,56,59,59,56,57,56,43,45,51,52,55,54,59,62,63,59,64,61,62,58,57,57,53,51,46,56,63,61,63,60,64,60,59,59,60,62,64,67,63,65,28,59,61,60,60,60,59,56,69,70,61,59,66,68,53,65,70,65,61,60,71,67,69,72,67,67,92,95,,96,71,58,76,74,62,75,81,81,31,32,24,26,39,32,32,24,31,33,35,33,29,31,33,35,23,34,32,28,34,34,31,33,35,38,37,38,39,38,36,37,38,35,37,36,31,31,32,38,36,37,38,38,40,40,40,41,40,41
NP_001304844.1,46,40,47,42,39,44,44,43,42,43,41,43,43,43,39,42,41,46,44,44,46,56,52,49,43,54,51,58,58,57,58,58,51,55,57,59,59,56,57,56,44,45,51,52,55,54,61,63,63,60,64,59,62,60,55,55,52,51,47,56,64,59,63,61,63,61,59,59,60,61,63,67,61,67,28,59,62,61,60,61,58,56,68,68,60,60,63,68,52,64,68,64,62,60,70,68,69,71,67,68,90,95,96,,72,59,77,75,63,74,80,80,32,32,23,26,39,33,33,25,32,32,35,34,28,31,33,35,23,35,33,29,35,34,31,32,34,37,36,38,39,39,36,37,38,36,38,37,32,32,33,39,37,37,38,38,41,40,41,42,40,40
NP_001295083.1,44,43,46,45,40,42,43,41,43,42,41,41,39,39,38,39,39,47,44,47,45,55,47,46,48,53,59,56,57,57,57,57,58,56,58,55,56,55,55,53,51,48,51,52,49,48,55,59,62,59,62,60,61,57,58,58,58,59,43,53,59,60,60,59,60,59,61,62,60,65,66,65,56,59,24,57,65,60,60,60,62,61,68,68,61,60,70,68,58,70,69,68,68,59,64,65,67,67,70,67,72,71,71,72,,56,71,69,69,74,75,76,32,33,28,29,36,34,35,27,31,29,34,35,28,30,33,33,24,34,33,30,37,32,30,32,35,40,41,44,39,42,40,33,39,36,37,35,32,32,33,33,37,35,38,36,41,42,41,41,41,42
NP_001161078.1,41,33,37,37,35,34,33,33,33,39,35,35,35,34,38,35,34,36,38,40,40,40,40,33,38,42,51,47,48,47,48,47,44,32,47,48,48,46,46,46,38,39,43,42,43,42,47,53,52,48,50,52,53,52,48,48,51,49,37,46,50,47,49,49,53,51,49,45,47,48,49,48,49,49,28,50,52,53,50,52,52,51,53,50,53,41,43,50,18,51,59,56,56,49,54,56,56,56,57,57,59,60,58,59,56,,66,66,36,62,62,62,31,32,22,24,31,29,29,21,29,37,38,35,28,30,34,34,24,32,28,28,31,33,29,32,37,32,32,45,40,38,32,37,36,34,33,35,32,32,34,38,34,30,35,35,35,39,37,37,37,38
NP_004152.1,44,41,45,47,42,45,44,43,42,46,42,44,44,42,40,43,44,48,47,45,47,59,50,50,50,55,55,60,60,61,63,63,57,55,59,59,61,62,60,58,47,47,52,53,55,51,58,62,65,62,66,66,64,62,57,57,57,57,47,55,62,60,60,61,64,61,59,60,59,65,65,61,60,65,27,62,68,61,62,61,67,65,66,62,65,60,65,69,48,63,75,72,72,63,65,70,71,68,75,75,77,76,76,77,71,66,,97,68,76,81,83,33,33,27,28,36,34,34,27,30,34,37,35,30,31,33,34,26,33,32,31,35,34,29,33,35,36,36,42,42,41,37,37,39,34,36,34,32,32,34,38,35,37,38,37,39,40,41,41,40,40
NP_112243.1,46,40,44,47,41,45,45,44,42,48,42,44,45,42,39,43,44,47,47,46,48,58,50,49,50,56,55,63,62,62,62,62,59,56,59,59,61,62,61,59,48,47,52,53,55,52,57,65,64,63,67,68,63,61,56,56,57,57,47,55,62,59,60,61,64,61,59,60,58,63,63,62,60,64,26,63,69,62,62,62,67,67,66,62,65,59,66,66,47,63,75,70,71,65,66,69,70,68,76,76,77,74,74,75,69,66,97,,66,76,80,81,33,33,27,27,35,34,34,26,30,35,37,35,29,30,33,34,26,32,33,31,36,34,29,33,36,36,36,42,42,42,37,37,39,34,35,34,31,31,34,38,36,37,38,38,39,40,41,41,41,41
NP_001258967.1,37,35,37,40,35,35,36,35,35,36,34,37,37,35,29,33,34,48,47,49,47,56,46,57,48,53,56,55,58,57,60,57,55,58,54,63,64,58,59,60,44,44,47,51,56,58,55,56,63,62,62,60,59,59,48,48,45,50,43,56,54,60,57,52,56,53,51,63,56,60,63,62,54,60,13,56,60,64,65,64,56,55,61,62,54,64,62,61,49,55,61,63,63,65,65,62,63,62,64,72,66,65,62,63,69,36,68,66,,74,80,79,28,28,24,24,29,26,28,27,28,28,30,29,21,25,25,28,19,28,31,22,31,31,24,27,29,34,35,31,31,38,33,27,36,30,29,27,20,20,25,30,31,33,33,34,36,34,37,37,34,36
NP_057215.3,46,41,45,44,42,45,46,44,44,45,43,46,43,42,39,44,43,44,44,46,45,54,49,49,48,51,58,61,62,59,58,59,59,57,59,63,62,58,58,59,47,48,52,54,53,50,55,64,62,61,62,63,59,60,55,55,58,58,46,57,64,61,60,54,61,58,58,62,56,62,64,65,64,63,26,61,62,66,67,66,63,62,63,63,64,61,67,67,48,65,71,72,69,63,69,70,69,72,72,74,75,74,75,74,74,62,76,76,74,,84,86,32,33,24,25,36,32,33,30,30,31,36,33,27,28,33,35,24,32,35,29,36,33,29,33,34,36,36,41,38,41,39,38,41,37,37,34,31,31,35,37,37,36,38,42,41,43,44,44,42,43
NP_005361.2,47,44,49,47,42,45,45,44,45,47,44,46,45,43,40,45,44,49,48,49,50,56,53,52,49,56,59,63,64,62,62,62,60,61,59,62,63,58,57,58,48,47,50,52,52,50,59,67,66,63,66,65,64,60,56,56,57,58,48,57,64,65,63,58,63,62,63,61,60,64,66,65,61,66,29,64,66,63,63,63,67,67,66,65,66,63,71,69,48,66,71,73,70,64,69,70,71,74,74,76,78,79,81,80,75,62,81,80,80,84,,96,30,31,26,27,37,32,32,27,30,31,35,35,27,29,33,35,25,33,35,29,34,33,31,35,36,39,38,42,41,41,39,38,42,34,36,35,32,32,34,40,39,35,38,39,42,44,44,44,42,44
NP_057614.1,47,44,49,48,41,45,45,44,45,48,44,46,45,43,40,44,43,47,48,49,50,54,53,52,48,55,59,63,64,60,59,60,58,59,59,60,61,58,58,58,48,47,50,52,53,51,58,67,67,61,66,64,64,63,57,57,58,59,49,58,66,67,65,57,66,65,63,63,61,67,68,67,64,67,29,64,66,63,63,63,67,67,67,66,67,66,72,69,53,67,73,74,71,65,70,71,73,73,73,76,79,79,81,80,76,62,83,81,79,86,96,,31,32,26,27,37,33,33,26,29,32,35,35,27,30,32,35,24,33,35,30,36,33,29,34,36,39,38,43,41,41,41,37,41,36,37,35,32,32,32,38,38,35,38,40,41,43,44,44,41,43
NP_006561.1,29,30,31,31,27,32,32,30,31,30,28,28,29,29,28,29,29,30,29,28,26,33,28,30,28,30,37,31,30,33,32,32,29,29,34,33,33,31,31,31,25,23,26,25,30,28,31,30,30,30,30,29,28,29,34,34,31,30,31,31,31,27,29,30,31,30,31,36,34,31,31,29,33,30,14,29,32,24,24,24,32,32,31,31,30,28,33,31,23,32,32,32,34,27,29,34,33,33,33,33,30,30,31,32,32,31,33,33,28,32,30,31,,91,44,48,34,27,28,30,32,31,35,25,29,33,32,33,26,36,34,34,39,34,33,34,35,35,34,39,40,37,38,32,38,31,33,33,29,29,35,36,36,32,37,33,38,38,40,40,40,40
NP_001340940.1,30,30,31,31,27,31,31,29,30,30,28,28,29,30,28,29,30,30,29,29,27,31,28,29,28,29,36,31,30,32,32,32,28,29,33,32,32,30,30,30,25,23,26,25,29,28,31,29,31,28,30,29,29,30,33,33,31,31,30,31,32,28,29,30,30,30,31,37,34,32,32,29,33,31,16,30,31,25,25,25,32,31,32,32,30,28,33,30,23,32,32,32,34,26,30,34,33,33,33,33,31,31,32,32,33,32,33,33,28,33,31,32,91,,42,45,33,27,28,30,30,30,36,25,29,32,31,33,23,36,34,34,38,33,32,34,35,36,35,39,40,37,38,31,39,32,33,32,28,28,35,35,35,31,36,32,38,38,39,39,39,39
NP_001258780.1,21,28,32,28,25,23,24,23,23,21,24,25,24,22,20,23,23,24,23,25,23,28,24,25,22,22,25,26,26,26,25,27,22,27,26,24,24,24,23,23,24,15,18,18,25,22,29,24,28,28,28,27,27,27,27,27,21,21,29,25,30,27,26,27,28,26,26,26,29,26,27,29,25,24,12,23,23,21,22,22,24,22,26,28,24,26,28,24,27,27,25,25,20,21,25,26,26,25,26,24,24,25,24,23,28,22,27,27,24,24,26,26,44,42,,75,30,20,20,30,29,26,28,25,29,28,24,24,25,34,26,24,27,32,26,30,30,32,31,31,32,29,32,27,34,29,29,28,26,26,34,33,32,30,31,25,35,36,36,36,36,36
NP_067067.1,23,30,32,29,28,25,25,25,24,21,24,25,25,22,22,24,25,25,25,26,24,29,26,25,24,26,26,29,29,29,27,30,25,26,31,27,27,26,25,26,26,18,19,20,27,25,30,25,29,29,29,26,29,30,28,28,22,22,30,28,31,30,28,29,30,27,29,31,31,27,29,32,27,26,13,23,26,22,22,22,26,24,30,31,25,25,29,28,26,30,28,27,23,23,27,29,29,25,27,27,26,26,26,26,29,24,28,27,24,25,27,27,48,45,75,,35,24,25,28,28,29,31,26,28,28,26,27,26,35,25,24,27,35,29,31,33,35,34,34,34,34,34,29,37,31,33,33,26,26,36,32,33,31,33,29,36,36,38,38,36,36
NP_001350893.1,42,42,44,41,41,40,40,39,42,42,39,38,41,41,36,38,39,32,33,35,33,33,36,32,33,34,37,34,35,37,37,37,37,30,39,39,39,39,39,39,37,37,39,38,37,34,38,39,34,35,38,37,39,38,37,37,38,38,35,38,38,37,36,37,38,36,36,34,34,34,35,36,34,34,14,34,37,36,35,35,35,36,37,37,37,32,33,36,19,37,36,37,35,33,37,38,38,39,39,39,37,40,39,39,36,31,36,35,29,36,37,37,34,33,30,35,,37,37,33,34,37,39,34,38,37,35,35,25,32,37,37,41,35,41,42,43,42,42,43,43,42,42,39,47,41,43,40,36,36,42,46,41,42,47,44,47,47,47,47,46,47
NP_001229288.1,44,40,42,44,42,45,45,44,41,43,42,43,44,44,40,45,45,29,29,29,28,30,31,28,32,32,31,31,31,31,32,32,29,29,31,33,33,34,33,33,23,26,27,27,30,28,30,34,31,30,31,31,33,33,31,31,27,28,25,29,32,31,31,30,31,33,33,33,32,32,31,29,30,33,15,29,27,28,27,27,32,31,32,31,30,27,29,31,18,28,31,31,29,28,29,32,32,31,35,33,31,31,32,33,34,29,34,34,26,32,32,33,27,27,20,24,37,,84,28,26,32,36,21,27,25,34,33,23,32,33,32,33,32,27,28,31,32,32,32,35,32,32,28,36,36,37,35,30,30,31,33,31,30,30,34,36,33,35,35,35,36
NP_001153508.1,44,38,41,41,38,45,45,44,36,39,42,42,44,45,41,46,46,27,26,26,25,29,31,29,30,32,28,30,31,31,32,32,26,28,30,33,33,34,34,33,23,26,27,27,30,27,31,34,32,31,32,29,32,33,29,29,24,25,25,29,31,30,31,31,31,32,33,33,31,31,31,28,29,33,15,28,25,28,27,27,31,29,32,32,29,27,30,32,19,28,31,31,29,28,29,32,32,28,36,32,31,31,32,33,35,29,34,34,28,33,32,33,28,28,20,25,37,84,,28,25,32,36,22,27,27,32,31,23,32,32,31,32,31,26,25,30,32,33,33,34,33,34,28,36,36,38,34,30,30,31,33,32,31,32,33,37,33,36,36,34,35
NP_001287725.1,26,26,30,28,32,31,31,30,30,30,32,33,33,33,30,35,34,25,26,26,25,30,25,28,22,27,37,30,30,27,27,26,28,28,27,31,30,30,32,31,22,22,22,23,25,27,27,30,31,28,28,27,29,29,21,21,23,23,23,26,27,25,23,27,28,29,28,31,25,25,23,24,30,28,6,25,30,26,25,26,25,27,25,23,28,24,25,26,22,26,28,27,25,27,25,27,26,26,26,28,25,25,24,25,27,21,27,26,27,30,27,26,30,30,30,28,33,28,28,,40,38,44,37,40,40,33,35,22,46,39,24,35,38,30,38,31,39,39,34,42,36,44,23,44,35,36,30,32,32,34,37,38,39,37,39,44,37,39,38,41,39
NP_001294859.1,32,27,28,27,30,32,33,32,31,29,30,32,31,30,28,33,32,30,30,31,28,32,34,39,26,33,40,31,32,34,35,33,32,33,33,35,35,34,36,36,27,26,27,27,33,34,31,35,30,29,32,32,31,30,26,26,25,27,28,30,31,29,29,32,32,32,33,35,28,27,29,32,30,31,11,28,29,26,27,27,28,28,28,30,33,29,30,26,18,30,30,28,27,26,32,29,29,31,31,31,32,31,31,32,31,29,30,30,28,30,30,29,32,30,29,28,34,26,25,40,,49,51,28,44,39,34,35,24,40,30,25,30,31,32,31,34,35,36,34,40,34,33,29,37,35,37,34,29,29,32,34,36,36,37,34,38,34,40,40,37,36
NP_001318055.1,33,30,32,33,29,32,31,30,35,33,33,31,31,31,29,31,32,29,34,32,32,37,36,32,32,39,43,36,38,35,34,35,35,36,36,35,35,38,38,38,32,29,30,32,36,38,34,35,31,32,32,33,31,32,29,29,28,30,29,33,30,31,30,36,35,35,33,33,33,30,29,30,36,36,14,32,33,30,29,30,32,32,31,31,36,26,29,30,17,28,31,32,30,29,31,31,31,30,34,36,32,32,33,32,29,37,34,35,28,31,31,32,31,30,26,29,37,32,32,38,49,,81,36,47,47,43,48,23,46,36,28,37,38,35,34,42,38,40,38,45,35,39,32,44,40,43,39,27,27,37,39,39,40,41,37,42,40,40,41,41,39
NP_076429.1,36,27,34,33,33,35,36,34,33,35,34,34,36,36,32,35,34,34,36,36,34,40,42,35,32,41,44,41,43,41,42,42,37,37,43,42,42,44,44,44,36,32,34,35,39,39,39,39,34,34,35,34,36,37,31,31,29,31,30,39,37,37,36,39,39,38,39,40,36,34,33,36,35,38,17,34,35,31,32,33,35,37,35,34,38,27,31,33,21,33,35,37,32,29,37,35,35,32,38,36,34,35,35,35,34,38,37,37,30,36,35,35,35,36,28,31,39,36,36,44,51,81,,38,51,49,45,45,27,49,35,29,34,39,39,38,42,43,45,41,46,33,39,36,47,42,44,43,33,33,40,41,39,40,40,40,43,40,44,45,42,42
NP_001167459.1,33,29,35,32,25,32,32,32,29,28,29,29,32,30,31,31,31,26,26,25,24,33,34,30,27,31,33,36,36,34,34,34,29,29,35,34,34,34,35,35,26,22,25,26,33,31,33,33,34,32,32,29,37,37,28,28,24,23,31,29,35,33,32,32,34,31,32,36,33,34,34,33,30,33,13,26,25,30,28,28,28,31,32,33,27,28,29,33,20,34,33,34,32,29,31,33,32,28,36,34,32,32,33,34,35,35,35,35,29,33,35,35,25,25,25,26,34,21,22,37,28,36,38,,27,27,39,40,27,41,35,33,35,36,37,30,36,36,36,37,38,37,41,36,42,39,41,40,32,32,43,39,37,38,39,35,41,39,40,40,41,40
NP_001028738.1,34,30,34,34,37,34,35,34,37,36,36,36,35,35,34,35,35,31,34,32,32,32,32,29,27,30,45,34,34,33,34,34,35,31,33,35,35,34,35,34,27,26,25,25,31,33,30,33,27,29,30,29,30,32,29,29,26,28,28,30,31,30,29,31,30,33,32,37,30,30,30,29,32,33,13,28,30,24,23,23,30,31,28,28,31,23,25,28,16,29,30,29,28,27,26,26,26,27,31,31,28,29,29,28,28,28,30,29,21,27,27,27,29,29,29,28,38,27,27,40,44,47,51,27,,78,39,38,28,44,41,33,39,41,40,39,41,49,46,44,46,46,46,39,51,42,44,42,38,38,44,45,47,46,49,48,45,45,46,46,45,46
NP_001339204.1,37,30,34,35,38,34,35,34,37,35,37,37,36,36,36,37,36,29,32,30,28,30,31,30,27,29,42,33,32,32,32,32,32,28,31,34,34,33,33,32,27,24,23,23,31,31,31,33,30,30,30,30,31,33,30,30,26,26,28,30,32,31,31,29,31,31,33,35,31,30,31,28,32,30,14,26,32,26,24,24,32,31,28,28,33,25,26,30,18,30,31,31,29,28,28,29,29,29,32,33,31,31,31,31,30,30,31,30,25,28,29,30,33,32,28,28,37,25,27,40,39,47,49,27,78,,41,39,27,43,43,34,40,39,39,38,43,48,46,45,48,45,47,39,52,45,46,46,37,37,44,46,46,46,49,47,46,44,46,45,47,47
NP_006468.1,39,32,37,36,36,37,37,35,37,35,36,34,36,37,35,36,36,31,36,33,34,40,37,34,35,37,46,43,42,39,39,39,37,38,37,43,43,43,42,43,38,39,42,43,40,37,36,39,34,34,36,36,34,35,31,31,30,32,30,33,37,36,36,38,36,39,38,36,37,32,32,33,36,35,16,34,35,30,30,29,35,34,33,34,33,26,27,32,17,32,36,35,32,30,34,34,34,35,35,37,34,32,33,33,33,34,33,33,25,33,33,32,32,31,24,26,35,34,32,33,34,43,45,39,39,41,,75,26,40,37,35,39,37,37,34,37,38,39,42,44,37,40,37,42,45,42,42,31,31,39,42,41,40,45,41,44,42,42,42,41,39
NP_201572.1,35,31,34,33,34,34,36,33,32,30,33,33,33,33,33,34,34,33,37,37,38,40,38,31,33,37,45,43,43,40,40,40,38,38,40,42,42,43,41,41,37,38,39,40,42,40,34,43,36,35,37,37,36,36,33,33,31,33,29,34,38,38,36,36,36,38,37,37,37,35,35,33,38,36,17,34,37,30,30,29,33,34,33,33,35,28,29,34,22,35,36,36,32,31,33,33,34,35,35,37,35,34,35,35,33,34,34,34,28,35,35,35,33,33,24,27,35,33,31,35,35,48,45,40,38,39,75,,30,44,39,33,43,38,37,37,41,41,41,42,46,42,41,37,43,42,41,43,31,31,43,47,41,40,42,43,43,45,45,45,46,45
NP_001124292.1,22,25,25,27,24,22,22,22,22,25,21,20,19,20,20,18,19,20,24,24,24,24,23,19,23,22,26,26,26,26,26,26,25,23,26,26,25,24,24,24,20,23,22,22,25,23,25,28,26,26,25,25,25,25,24,24,23,23,20,23,24,24,25,24,25,22,23,25,25,22,22,22,27,25,19,27,23,23,24,22,23,22,23,23,24,16,16,21,11,21,25,24,23,22,23,24,25,23,25,26,23,23,23,23,24,24,26,26,19,24,25,24,26,23,25,26,25,23,23,22,24,23,27,27,28,27,26,30,,28,27,28,32,29,32,33,33,32,32,32,35,28,34,27,35,29,31,31,26,26,32,35,35,28,32,32,33,34,35,34,34,34
NP_001001349.1,31,30,35,34,31,30,30,31,35,37,32,33,31,32,31,33,33,33,32,34,35,48,35,33,28,32,40,34,35,34,34,34,33,34,32,38,38,36,36,36,29,31,34,34,33,35,30,36,33,34,35,34,34,34,34,34,27,27,29,30,35,34,30,34,33,36,35,32,31,31,32,33,33,30,15,31,33,31,29,29,32,32,32,33,34,28,31,29,20,29,33,33,32,29,31,33,33,31,34,35,35,34,34,35,34,32,33,32,28,32,33,33,36,36,34,35,32,32,32,46,40,46,49,41,44,43,40,44,28,,43,34,40,42,42,42,43,42,41,40,42,44,47,41,49,47,47,47,34,34,43,51,48,45,49,47,48,50,50,50,49,49
NP_001350723.1,39,34,35,34,29,36,36,37,30,31,38,37,36,36,29,33,34,25,23,24,25,36,30,31,29,34,35,40,41,36,37,36,30,34,36,41,41,38,38,38,32,33,33,35,33,35,34,33,31,32,32,29,36,37,28,28,22,20,31,34,33,31,32,33,33,34,35,32,34,31,32,31,32,33,16,29,26,33,33,33,31,31,32,32,28,27,29,32,26,34,34,33,32,31,36,34,34,24,32,31,31,32,32,33,33,28,32,33,31,35,35,35,34,34,26,25,37,33,32,39,30,36,35,35,41,43,37,39,27,43,,51,58,42,48,56,48,44,44,52,51,57,52,50,60,51,54,50,46,46,55,55,54,55,58,43,56,56,56,56,56,55
NP_001304877.1,38,31,33,34,26,34,34,32,27,28,32,33,34,32,30,32,33,25,23,23,24,28,31,27,30,28,34,33,33,29,30,30,26,27,32,32,33,33,32,31,28,29,33,33,33,29,29,33,28,30,30,28,29,30,32,32,21,20,30,29,29,26,26,29,29,29,29,30,29,26,27,29,29,27,12,27,23,30,29,29,27,27,29,29,24,24,27,28,19,27,34,30,28,27,29,29,29,21,31,31,28,28,28,29,30,28,31,31,22,29,29,30,34,34,24,24,37,32,31,24,25,28,29,33,33,34,35,33,28,34,51,,82,38,43,46,42,45,44,52,45,45,45,44,51,47,44,47,35,35,46,46,41,42,45,38,46,46,46,47,46,46
NP_775935.1,40,32,35,36,26,35,36,35,29,29,34,35,35,35,33,34,34,28,24,24,26,33,35,33,34,33,35,39,39,35,35,35,31,37,38,40,40,38,39,38,33,34,37,38,37,36,33,36,33,35,35,31,37,36,37,37,24,23,35,34,35,31,31,35,33,33,34,33,36,34,35,36,35,35,15,33,25,36,33,34,32,32,35,36,28,32,37,35,31,34,39,35,34,31,36,36,36,24,37,36,35,34,34,35,37,31,35,36,31,36,34,36,39,38,27,27,41,33,32,35,30,37,34,35,39,40,39,43,32,40,58,82,,42,47,55,47,46,45,54,52,53,53,48,57,54,52,56,38,38,54,55,47,52,52,40,54,54,53,54,53,53
NP_001035114.2,33,32,36,33,32,32,31,32,34,35,34,34,34,31,31,33,33,31,30,28,31,33,29,26,32,29,33,35,35,31,32,32,34,35,32,32,32,33,33,33,33,31,33,31,34,34,31,32,31,29,31,31,34,33,32,32,35,34,31,33,35,31,33,34,33,31,30,31,34,31,32,36,32,30,15,30,32,32,31,31,34,33,31,31,33,27,30,33,19,34,35,36,33,29,34,33,33,37,37,35,36,35,34,34,32,33,34,34,31,33,33,33,34,33,32,35,35,32,31,38,31,38,39,36,41,39,37,38,29,42,42,38,42,,52,48,53,50,49,44,50,58,54,43,53,48,46,47,42,42,53,56,52,56,55,55,58,58,55,55,56,55
NP_001155963.1,30,30,32,34,31,32,30,30,31,33,31,31,30,30,26,29,30,29,27,30,30,34,32,26,28,30,35,32,32,30,29,28,29,28,31,31,31,30,30,30,27,24,26,26,31,29,30,30,30,27,26,27,31,32,30,30,30,29,27,31,31,32,29,33,32,29,30,29,31,29,29,30,36,31,16,29,30,27,27,26,30,29,29,28,27,23,26,26,16,28,30,31,27,28,27,29,29,29,30,28,31,31,31,31,30,29,29,29,24,29,31,29,33,32,26,29,41,27,26,30,32,35,39,37,40,39,37,37,32,42,48,43,47,52,,66,54,54,54,49,54,54,54,48,57,52,50,53,42,42,53,56,49,61,56,52,53,53,54,54,51,51
NP_001167621.1,35,31,34,33,31,32,32,31,31,33,30,32,33,31,27,31,31,26,27,30,31,32,29,28,32,31,35,34,35,32,33,33,32,30,33,33,33,31,30,30,24,22,22,22,28,29,29,32,32,29,29,29,33,34,32,32,29,29,31,31,32,31,29,30,32,31,31,33,33,33,33,31,35,32,16,26,33,28,27,26,31,31,32,31,31,26,30,31,21,30,30,32,29,31,29,32,31,33,32,30,31,32,33,32,32,32,33,33,27,33,35,34,34,34,30,31,42,28,25,38,31,34,38,30,39,38,34,37,33,42,56,46,55,48,66,,58,54,55,56,58,58,59,54,62,58,55,59,45,45,55,59,52,60,56,57,55,54,58,58,58,58
NP_061960.1,35,33,37,33,33,36,35,36,30,33,32,37,37,33,34,36,37,27,31,29,29,34,30,28,29,33,31,36,35,35,34,35,30,36,35,36,37,40,39,39,28,31,34,35,34,35,33,34,32,33,34,33,36,35,34,34,28,29,31,31,36,31,33,36,34,35,34,35,34,30,31,33,31,34,14,29,35,34,33,33,31,30,36,35,36,29,30,32,21,33,33,33,33,32,34,34,35,34,41,34,35,36,35,34,35,37,35,36,29,34,36,36,35,35,30,33,43,31,30,31,34,42,42,36,41,43,37,41,33,43,48,42,47,53,54,58,,52,52,58,59,54,58,54,63,57,58,60,46,46,61,63,53,65,58,58,60,61,60,60,61,60
NP_001136120.1,38,32,38,36,39,38,39,37,38,36,36,38,41,40,37,39,40,40,37,39,38,41,34,35,31,38,40,38,39,40,40,39,36,40,37,39,39,39,40,39,37,35,37,39,37,38,36,37,38,32,32,32,35,37,32,32,31,31,35,36,34,32,34,38,37,36,36,36,38,37,36,37,35,36,15,35,37,38,36,36,32,34,34,36,35,28,33,36,26,38,36,37,34,34,37,34,34,35,38,35,38,38,38,37,40,32,36,36,34,36,39,39,35,36,32,35,42,32,32,39,35,38,43,36,49,48,38,41,32,42,44,45,46,50,54,54,52,,98,61,61,53,64,51,61,60,60,60,47,47,60,58,55,58,60,58,59,61,60,60,59,59
NP_001028675.1,38,33,38,36,38,39,39,37,37,35,36,38,41,40,37,39,40,39,35,38,37,40,35,35,31,39,40,37,38,40,39,38,36,42,38,39,39,39,40,39,37,34,36,38,37,37,36,37,39,32,31,32,34,35,31,31,30,31,33,36,33,32,34,36,37,36,36,36,37,36,35,37,34,35,14,33,37,38,36,36,32,34,34,36,35,28,32,35,25,36,36,36,33,35,37,35,35,35,37,33,36,37,37,36,41,32,36,36,35,36,38,38,34,35,31,34,42,32,33,39,36,40,45,36,46,46,39,41,32,41,44,44,45,49,54,55,52,98,,61,61,53,63,51,61,58,58,60,44,44,60,58,54,59,59,58,60,60,60,60,59,60
NP_001243058.1,40,33,36,37,37,34,34,36,32,36,36,35,39,36,36,36,36,33,33,33,34,36,34,29,27,36,35,34,33,38,38,38,33,34,34,39,39,41,41,41,39,38,39,40,40,36,39,40,37,39,41,39,42,41,36,36,33,33,38,39,38,34,35,39,42,43,41,39,40,38,40,43,33,36,19,36,38,41,41,40,40,43,39,40,39,29,33,39,15,43,40,37,36,35,38,41,41,34,44,38,36,36,38,38,44,45,42,42,31,41,42,43,39,39,31,34,43,32,33,34,34,38,41,37,44,45,42,42,32,40,52,52,54,44,49,56,58,61,61,,88,58,63,55,61,60,60,60,52,52,62,60,56,59,57,62,62,66,65,66,63,64
NP_060654.1,39,33,36,38,42,37,36,37,34,39,38,37,41,39,37,39,39,36,35,36,36,37,35,31,32,38,37,37,37,40,39,39,36,40,36,39,39,41,40,39,39,38,37,39,41,37,38,41,36,37,36,36,38,36,35,36,31,33,31,36,38,36,37,40,41,41,40,38,40,36,39,40,35,37,17,34,39,38,37,37,39,40,38,40,39,29,32,37,21,39,40,37,36,33,39,40,40,34,41,38,38,38,39,39,39,40,42,42,31,38,41,41,40,40,32,34,43,35,34,42,40,45,46,38,46,48,44,46,35,42,51,45,52,50,54,58,59,61,61,88,,63,66,56,68,62,62,61,52,52,65,65,63,67,63,64,68,69,71,71,67,68
NP_001128230.1,40,36,40,39,39,39,37,38,39,41,34,37,39,38,35,38,38,31,30,31,33,38,33,31,33,34,35,38,38,39,39,38,34,39,33,37,38,40,41,40,37,34,39,38,37,36,36,39,40,37,39,38,39,39,36,36,33,34,34,36,40,39,40,41,41,43,39,38,41,39,40,40,39,39,15,35,39,37,36,36,35,38,38,40,39,37,44,43,33,43,40,39,39,36,41,42,42,38,44,39,38,40,38,39,42,38,41,42,38,41,41,41,37,37,29,34,42,32,33,36,34,35,33,37,46,45,37,42,28,44,57,45,53,58,54,58,54,53,53,58,63,,58,56,61,58,58,55,49,49,59,60,63,67,65,63,62,63,65,65,62,62
NP_001265222.1,37,35,38,38,36,38,38,36,34,34,34,35,39,36,34,36,36,34,31,32,31,39,33,31,32,35,38,40,40,37,36,36,32,35,33,37,37,40,40,40,37,34,37,38,36,35,36,38,36,33,35,33,37,38,33,33,30,30,33,35,38,35,37,39,40,41,40,33,36,37,37,37,36,36,16,35,36,35,35,35,35,37,39,40,34,29,34,32,24,36,38,38,33,34,38,37,37,36,42,37,36,36,36,36,40,32,37,37,33,39,39,41,38,38,32,34,42,32,34,44,33,39,39,41,46,47,40,41,34,47,52,45,53,54,54,59,58,64,63,63,66,58,,64,74,62,64,61,53,53,66,69,65,70,70,70,71,69,74,74,71,71
NP_001186674.1,37,26,29,30,29,30,29,29,31,31,30,33,30,32,29,29,30,29,29,28,29,34,33,30,30,32,35,34,35,34,35,33,30,30,33,36,37,37,36,36,31,31,35,35,35,33,36,38,31,33,34,33,37,37,31,31,30,29,29,35,35,31,32,36,33,33,33,30,35,34,35,34,36,34,20,33,34,34,34,34,31,32,35,35,32,28,29,32,17,32,34,32,31,32,35,35,34,36,39,35,35,36,37,37,33,37,37,37,27,38,38,37,32,31,27,29,39,28,28,23,29,32,36,36,39,39,37,37,27,41,50,44,48,43,48,54,54,51,51,55,56,56,64,,73,54,54,57,49,49,60,62,57,63,62,63,62,62,66,67,64,64
NP_004302.1,44,35,39,40,37,40,39,39,40,40,38,39,43,42,36,40,40,36,34,34,36,41,37,33,33,36,39,37,38,39,38,38,34,38,36,38,38,41,41,41,36,33,38,39,36,37,37,38,35,37,39,37,41,39,37,37,35,38,33,36,40,37,37,41,39,39,38,34,38,38,39,40,40,40,19,36,39,38,38,37,36,37,37,37,37,34,39,39,27,36,38,37,34,33,40,40,40,37,41,36,38,38,38,38,39,36,39,39,36,41,42,41,38,39,34,37,47,36,36,44,37,44,47,42,51,52,42,43,35,49,60,51,57,53,57,62,63,61,61,61,68,61,74,73,,67,64,69,52,52,74,71,68,77,75,75,75,70,74,75,74,74
NP_001652.2,40,31,40,39,36,35,34,35,35,38,34,34,40,37,34,37,37,31,31,33,34,36,36,31,30,34,36,35,36,35,35,34,33,35,38,36,36,38,37,36,31,34,36,37,33,36,33,36,34,31,32,34,35,35,35,35,33,32,31,34,36,34,33,34,36,35,35,33,35,32,33,33,32,33,16,30,37,35,34,33,33,35,36,38,35,27,30,34,24,33,35,34,33,31,34,33,33,31,38,35,35,34,35,36,36,34,34,34,30,37,34,36,31,32,29,31,41,36,36,35,35,40,42,39,42,45,45,42,29,47,51,47,54,48,52,58,57,60,58,60,62,58,62,54,67,,86,85,54,54,65,70,57,67,66,69,67,69,73,73,72,72
NP_001032241.1,38,31,36,37,40,37,36,37,37,40,33,36,40,37,36,38,38,32,31,34,34,37,35,32,30,37,38,37,36,37,37,36,35,37,38,39,39,40,39,38,32,34,38,39,35,37,36,36,35,34,35,37,37,36,35,35,32,32,29,36,36,31,33,36,36,35,35,34,36,33,33,35,36,37,19,35,37,36,35,34,33,35,37,37,36,28,32,34,24,35,35,34,33,32,34,36,36,34,38,35,36,36,37,38,37,33,36,35,29,37,36,37,33,33,29,33,43,37,38,36,37,43,44,41,44,46,42,41,31,47,54,44,52,46,50,55,58,60,58,60,62,58,64,54,64,86,,91,54,54,65,71,63,70,69,65,70,73,75,75,74,72
NP_001269360.1,35,32,36,38,38,34,34,34,34,37,30,35,36,35,33,35,35,32,31,34,34,35,33,28,30,34,37,35,33,35,35,33,34,32,34,33,33,34,34,33,30,31,34,35,32,35,34,34,33,33,33,34,35,34,34,34,34,34,30,34,34,32,32,34,34,34,33,33,35,33,33,31,36,32,19,33,36,33,32,32,34,35,36,36,34,26,29,33,22,33,34,34,32,30,35,33,33,33,37,34,36,35,36,37,35,35,34,34,27,34,35,35,33,32,28,33,40,35,34,30,34,39,43,40,42,46,42,43,31,47,50,47,56,47,53,59,60,60,60,60,61,55,61,57,69,85,91,,53,53,67,72,59,67,66,67,68,73,76,76,74,76
NP_001107210.1,32,28,32,32,31,32,32,32,33,34,30,33,30,31,27,31,31,28,25,26,26,32,26,25,25,25,32,30,29,30,31,31,28,26,27,31,31,31,31,32,30,31,31,30,27,24,30,30,31,30,32,32,33,32,30,30,29,27,29,30,27,27,27,30,30,30,29,28,32,32,33,31,30,30,16,32,32,32,32,32,31,34,31,30,33,26,28,32,17,32,30,30,30,28,29,31,31,29,34,30,32,32,31,32,32,32,32,31,20,31,32,32,29,28,26,26,36,30,30,32,29,27,33,32,38,37,31,31,26,34,46,35,38,42,42,45,46,47,44,52,52,49,53,49,52,54,54,53,,100,55,56,52,51,56,55,61,60,63,63,63,62
NP_001034172.3,32,28,32,32,31,32,32,32,33,34,30,33,30,31,27,31,31,28,25,26,26,32,26,25,25,25,32,30,29,30,31,31,28,26,27,31,31,31,31,32,30,31,31,30,27,24,30,30,31,30,32,32,33,32,30,30,29,27,29,30,27,27,27,30,30,30,29,28,32,32,33,31,30,30,16,32,32,32,32,32,31,34,31,30,33,26,28,32,17,32,30,30,30,28,29,31,31,29,34,30,32,32,31,32,32,32,32,31,20,31,32,32,29,28,26,26,36,30,30,32,29,27,33,32,38,37,31,31,26,34,46,35,38,42,42,45,46,47,44,52,52,49,53,49,52,54,54,53,100,,55,56,52,51,56,55,61,60,63,63,63,62
NP_612459.1,38,31,35,36,33,34,33,34,36,36,33,33,34,34,31,34,34,31,29,29,31,32,30,28,31,31,38,36,36,33,33,33,31,30,32,33,33,31,31,31,31,28,31,32,30,28,33,34,33,34,33,34,33,32,30,30,29,31,32,32,30,28,28,33,32,33,33,31,33,31,32,30,32,30,14,29,32,33,32,32,32,33,32,34,31,25,28,31,19,31,33,30,29,30,33,33,33,31,34,33,33,32,32,33,33,34,34,34,25,35,34,32,35,35,34,36,42,31,31,34,32,37,40,43,44,44,39,43,32,43,55,46,54,53,53,55,61,60,60,62,65,59,66,60,74,65,65,67,55,55,,73,64,71,68,68,69,69,73,73,71,73
NP_079323.1,38,37,39,38,31,38,37,37,37,36,31,34,36,34,31,33,33,32,30,31,33,38,32,29,30,32,38,34,35,37,36,36,31,34,35,36,35,37,37,36,31,33,36,37,33,34,34,34,34,35,36,35,37,36,34,34,32,31,33,34,35,34,33,37,35,36,35,33,33,34,34,33,37,35,18,36,35,37,36,36,33,36,34,35,32,30,32,34,23,32,36,34,32,32,34,35,36,35,39,36,35,37,38,39,33,38,38,38,30,37,40,38,36,35,33,32,46,33,33,37,34,39,41,39,45,46,42,47,35,51,55,46,55,56,56,59,63,58,58,60,65,60,69,62,71,70,71,72,56,56,73,,66,76,75,69,74,80,79,79,76,77
NP_001137440.1,37,32,33,36,37,38,37,37,39,42,36,36,39,38,34,37,38,32,29,32,33,41,35,30,27,36,38,37,37,36,35,34,32,33,31,37,37,38,38,38,36,35,37,36,36,37,38,34,33,32,32,33,37,35,31,31,30,31,29,32,36,36,37,40,37,38,36,31,38,33,33,38,35,34,15,31,32,32,30,30,31,35,37,38,34,30,35,33,20,34,34,33,32,32,35,33,33,35,40,36,36,37,36,37,37,34,35,36,31,37,39,38,36,35,32,33,41,31,32,38,36,39,39,37,47,46,41,41,35,48,54,41,47,52,49,52,53,55,54,56,63,63,65,57,68,57,63,59,52,52,64,66,,83,82,67,68,71,73,73,70,69
NP_001032251.1,35,31,30,32,34,35,35,34,41,42,33,35,34,36,31,34,35,31,33,33,34,37,34,30,28,36,36,37,37,34,32,32,31,33,32,34,34,36,36,36,32,33,33,34,34,36,35,36,34,33,35,35,34,36,30,30,32,34,27,32,36,33,35,37,34,35,34,31,40,34,33,37,38,36,10,32,35,34,33,33,32,34,34,34,33,37,39,35,24,36,35,35,36,31,37,38,38,35,40,40,37,38,37,37,35,30,37,37,33,36,35,35,32,31,30,31,42,30,31,39,36,40,40,38,46,46,40,40,28,45,55,42,52,56,61,60,65,58,59,59,67,67,70,63,77,67,70,67,51,51,71,76,83,,96,75,77,77,80,80,75,75
NP_848930.1,38,32,33,35,36,37,36,36,40,42,34,34,37,38,32,36,37,33,33,33,34,42,36,31,30,35,39,37,38,38,37,36,33,31,34,39,39,42,42,41,36,36,38,38,36,38,38,36,34,34,35,36,39,39,31,31,30,31,30,34,38,37,39,41,38,38,37,34,41,37,36,39,37,37,18,34,36,34,34,34,33,35,37,38,34,33,38,37,28,39,37,35,36,34,37,38,38,36,41,37,37,38,38,38,38,35,38,38,33,38,38,38,37,36,31,33,47,30,32,37,37,41,40,39,49,49,45,42,32,49,58,45,52,55,56,56,58,60,59,57,63,65,70,62,75,66,69,66,56,56,68,75,82,96,,73,78,75,79,79,77,76
NP_001647.1,38,35,41,40,29,42,41,40,30,28,35,39,40,37,34,36,36,23,20,19,21,37,35,30,31,31,32,36,35,38,37,36,31,31,34,37,36,38,38,38,33,32,37,37,35,37,39,40,39,37,37,34,40,40,34,34,29,26,35,36,39,34,38,39,38,39,38,34,38,35,37,36,35,39,16,35,31,34,34,34,31,34,36,36,21,32,35,37,23,35,37,38,33,36,37,37,37,27,41,38,36,38,38,38,36,35,37,38,34,42,39,40,33,32,25,29,44,34,33,39,34,37,40,35,48,47,41,43,32,47,43,38,40,55,52,57,58,58,58,62,64,63,70,63,75,69,65,67,55,55,68,69,67,75,73,,72,78,81,80,82,80
NP_001168.1,38,36,38,40,39,38,38,38,37,39,32,35,39,37,34,37,37,33,31,33,34,44,35,32,29,34,36,38,37,36,35,35,34,38,36,38,37,39,39,39,36,35,38,38,39,35,36,40,37,37,37,37,39,39,33,33,32,34,33,36,38,36,38,40,38,39,38,33,41,38,38,39,39,40,19,36,39,36,36,36,36,38,39,38,36,34,37,38,31,40,36,38,36,31,39,40,40,36,44,39,40,41,40,41,41,35,39,39,36,41,42,41,38,38,35,36,47,36,37,44,38,42,43,41,45,46,44,43,33,48,56,46,54,58,53,55,60,59,60,62,68,62,71,62,75,67,70,68,61,61,69,74,68,77,78,72,,86,88,88,82,83
NP_001654.1,38,37,37,39,38,38,37,36,38,40,34,38,39,36,38,37,38,33,31,33,36,44,34,31,29,35,38,37,36,37,36,36,33,36,37,38,37,39,39,38,35,36,37,38,36,36,39,41,37,37,38,38,40,39,34,34,32,34,32,35,38,34,37,39,37,39,37,35,41,40,40,39,38,39,17,39,38,37,36,36,36,38,39,40,38,34,37,39,24,39,40,40,38,34,39,40,40,37,45,40,38,40,40,40,42,39,40,40,34,43,44,43,38,38,36,36,47,33,33,37,34,40,40,39,45,44,42,45,34,50,56,46,54,58,53,54,61,61,60,66,69,63,69,62,70,69,73,73,60,60,69,80,71,77,75,78,86,,90,90,89,89
NP_001019397.1,40,36,38,41,39,41,41,40,38,40,35,38,41,39,37,38,39,35,32,34,35,43,37,34,33,38,39,38,38,40,39,39,34,39,38,41,40,40,40,40,37,37,40,39,38,37,40,42,40,40,41,41,42,41,34,34,35,36,36,38,39,35,38,42,41,42,40,36,43,41,42,42,39,40,18,40,41,37,36,36,37,40,41,42,38,35,40,40,26,39,38,39,37,35,40,41,41,37,47,41,39,41,40,41,41,37,41,41,37,44,44,44,40,39,36,38,47,35,36,39,40,40,44,40,46,46,42,45,35,50,56,46,53,55,54,58,60,60,60,65,71,65,74,66,74,73,75,76,63,63,73,79,73,80,79,81,88,90,,100,94,93
NP_001399843.1,40,36,38,41,39,41,40,40,38,40,35,38,41,38,37,38,39,36,32,35,36,44,37,34,34,38,39,39,38,41,39,39,35,40,39,41,41,41,40,41,37,37,40,39,37,37,40,42,40,40,41,41,42,41,34,34,35,36,36,38,39,35,38,42,41,42,41,35,43,41,42,42,39,40,17,40,41,37,36,36,37,40,41,42,38,35,40,40,26,39,38,39,37,35,40,41,41,37,47,41,40,42,41,42,41,37,41,41,37,44,44,44,40,39,36,38,47,35,36,38,40,41,45,40,46,45,42,45,34,50,56,47,54,55,54,58,60,60,60,66,71,65,74,67,75,73,75,76,63,63,73,79,73,80,79,80,88,90,100,,94,93
NP_001651.1,38,34,38,39,38,39,38,39,36,37,33,36,38,36,34,35,36,35,31,33,35,43,36,32,32,35,38,35,35,39,38,38,33,35,37,40,39,39,39,38,35,34,39,40,37,38,39,39,40,37,37,38,41,41,33,33,33,34,35,36,38,33,36,39,39,39,37,34,42,42,42,39,38,37,16,36,38,35,34,34,35,38,41,41,40,32,37,39,28,38,39,38,37,33,38,40,39,37,45,39,39,40,40,40,41,37,40,41,34,42,42,41,40,39,36,36,46,35,34,41,37,41,42,41,45,47,41,46,34,49,56,46,53,56,51,58,61,59,59,63,67,62,71,64,74,72,74,74,63,63,71,76,70,75,77,82,82,89,94,94,,97
NP_001653.1,41,36,39,40,38,40,40,39,37,37,34,38,40,37,36,37,38,36,31,34,35,43,36,32,32,36,38,36,36,40,39,38,33,36,37,40,39,39,39,38,35,34,38,40,37,38,39,41,40,38,38,39,42,42,34,34,34,35,34,36,39,34,36,39,40,39,37,35,41,42,43,40,38,38,16,37,38,37,35,35,36,39,42,41,40,34,38,39,27,38,40,38,37,34,39,40,40,37,45,40,39,40,41,40,42,38,40,41,36,43,44,43,40,39,36,36,47,36,35,39,36,39,42,40,46,47,39,45,34,49,55,46,53,55,51,58,60,59,60,64,68,62,71,64,74,72,72,76,62,62,73,77,69,75,76,80,83,89,93,93,97,
